Name;Date;Value
AIR_PID_COMBUSTION_AIR_ACT_D;28/09/2022 08:17:36;0
AIR_PID_COMBUSTION_AIR_ACT_D;28/09/2022 08:17:38;0
AIR_PID_COMBUSTION_AIR_ACT_D;28/09/2022 08:17:40;0
AIR_PID_COMBUSTION_AIR_ACT_D;28/09/2022 08:17:42;0
AIR_PID_COMBUSTION_AIR_ACT_D;28/09/2022 08:17:44;0
AIR_PID_COMBUSTION_AIR_ACT_D;28/09/2022 08:17:46;0
AIR_PID_COMBUSTION_AIR_ACT_D;28/09/2022 08:17:48;0
AIR_PID_COMBUSTION_AIR_ACT_D;28/09/2022 08:17:50;0
AIR_PID_COMBUSTION_AIR_ACT_D;28/09/2022 08:17:52;0
AIR_PID_COMBUSTION_AIR_ACT_D;28/09/2022 08:17:54;0
AIR_PID_COMBUSTION_AIR_ACT_D;28/09/2022 08:17:56;0
AIR_PID_COMBUSTION_AIR_ACT_D;28/09/2022 08:17:58;0
AIR_PID_COMBUSTION_AIR_ACT_D;28/09/2022 08:18:00;0
AIR_PID_COMBUSTION_AIR_ACT_D;28/09/2022 08:18:02;0
AIR_PID_COMBUSTION_AIR_ACT_D;28/09/2022 08:18:04;0
AIR_PID_COMBUSTION_AIR_ACT_D;28/09/2022 08:18:06;0
AIR_PID_COMBUSTION_AIR_ACT_D;28/09/2022 08:18:08;0
AIR_PID_COMBUSTION_AIR_ACT_D;28/09/2022 08:18:10;0
AIR_PID_COMBUSTION_AIR_ACT_D;28/09/2022 08:18:12;0
AIR_PID_COMBUSTION_AIR_ACT_D;28/09/2022 08:18:14;0
AIR_PID_COMBUSTION_AIR_ACT_D;28/09/2022 08:18:16;0
AIR_PID_COMBUSTION_AIR_ACT_D;28/09/2022 08:18:18;0
AIR_PID_COMBUSTION_AIR_ACT_D;28/09/2022 08:18:20;0
AIR_PID_COMBUSTION_AIR_ACT_D;28/09/2022 08:18:22;0
AIR_PID_COMBUSTION_AIR_ACT_D;28/09/2022 08:18:24;0
AIR_PID_COMBUSTION_AIR_ACT_D;28/09/2022 08:18:26;0
AIR_PID_COMBUSTION_AIR_ACT_D;28/09/2022 08:18:28;0
AIR_PID_COMBUSTION_AIR_ACT_D;28/09/2022 08:18:30;0
AIR_PID_COMBUSTION_AIR_ACT_D;28/09/2022 08:18:32;0
AIR_PID_COMBUSTION_AIR_ACT_D;28/09/2022 08:18:34;0
AIR_PID_COMBUSTION_AIR_ACT_D;28/09/2022 08:18:36;0
AIR_PID_COMBUSTION_AIR_ACT_D;28/09/2022 08:18:38;0
AIR_PID_COMBUSTION_AIR_ACT_D;28/09/2022 08:18:40;0
AIR_PID_COMBUSTION_AIR_ACT_D;28/09/2022 08:18:42;0
AIR_PID_COMBUSTION_AIR_ACT_D;28/09/2022 08:18:44;0
AIR_PID_COMBUSTION_AIR_ACT_D;28/09/2022 08:18:46;0
AIR_PID_COMBUSTION_AIR_ACT_D;28/09/2022 08:18:48;0
AIR_PID_COMBUSTION_AIR_ACT_D;28/09/2022 08:18:50;0
AIR_PID_COMBUSTION_AIR_ACT_D;28/09/2022 08:18:52;0
AIR_PID_COMBUSTION_AIR_ACT_D;28/09/2022 08:18:54;0
AIR_PID_COMBUSTION_AIR_ACT_D;28/09/2022 08:18:56;0
AIR_PID_COMBUSTION_AIR_ACT_D;28/09/2022 08:18:58;0
AIR_PID_COMBUSTION_AIR_ACT_D;28/09/2022 08:19:00;0
AIR_PID_COMBUSTION_AIR_ACT_D;28/09/2022 08:19:02;0
AIR_PID_COMBUSTION_AIR_ACT_D;28/09/2022 08:19:04;0
AIR_PID_COMBUSTION_AIR_ACT_D;28/09/2022 08:19:06;0
AIR_PID_COMBUSTION_AIR_ACT_D;28/09/2022 08:19:08;0
AIR_PID_COMBUSTION_AIR_ACT_D;28/09/2022 08:19:10;0
AIR_PID_COMBUSTION_AIR_ACT_D;28/09/2022 08:19:12;0
AIR_PID_COMBUSTION_AIR_ACT_D;28/09/2022 08:19:14;0
AIR_PID_COMBUSTION_AIR_ACT_D;28/09/2022 08:19:16;0
AIR_PID_COMBUSTION_AIR_ACT_D;28/09/2022 08:19:18;0
AIR_PID_COMBUSTION_AIR_ACT_D;28/09/2022 08:19:20;0
AIR_PID_COMBUSTION_AIR_ACT_D;28/09/2022 08:19:22;0
AIR_PID_COMBUSTION_AIR_ACT_D;28/09/2022 08:19:24;0
AIR_PID_COMBUSTION_AIR_ACT_D;28/09/2022 08:19:26;0
AIR_PID_COMBUSTION_AIR_ACT_D;28/09/2022 08:19:28;0
AIR_PID_COMBUSTION_AIR_ACT_D;28/09/2022 08:19:30;0
AIR_PID_COMBUSTION_AIR_ACT_D;28/09/2022 08:19:32;0
AIR_PID_COMBUSTION_AIR_ACT_D;28/09/2022 08:19:34;0
AIR_PID_COMBUSTION_AIR_ACT_D;28/09/2022 08:19:36;0
AIR_PID_COMBUSTION_AIR_ACT_D;28/09/2022 08:19:38;0
AIR_PID_COMBUSTION_AIR_ACT_D;28/09/2022 08:19:40;0
AIR_PID_COMBUSTION_AIR_ACT_D;28/09/2022 08:19:42;0
AIR_PID_COMBUSTION_AIR_ACT_D;28/09/2022 08:19:44;0
AIR_PID_COMBUSTION_AIR_ACT_D;28/09/2022 08:19:46;0
AIR_PID_COMBUSTION_AIR_ACT_D;28/09/2022 08:19:48;0
AIR_PID_COMBUSTION_AIR_ACT_D;28/09/2022 08:19:50;0
AIR_PID_COMBUSTION_AIR_ACT_D;28/09/2022 08:19:52;0
AIR_PID_COMBUSTION_AIR_ACT_D;28/09/2022 08:19:54;0
AIR_PID_COMBUSTION_AIR_ACT_D;28/09/2022 08:19:56;0
AIR_PID_COMBUSTION_AIR_ACT_D;28/09/2022 08:19:58;0
AIR_PID_COMBUSTION_AIR_ACT_D;28/09/2022 08:20:00;0
AIR_PID_COMBUSTION_AIR_ACT_D;28/09/2022 08:20:02;0
AIR_PID_COMBUSTION_AIR_ACT_D;28/09/2022 08:20:04;0
AIR_PID_COMBUSTION_AIR_ACT_D;28/09/2022 08:20:06;0
AIR_PID_COMBUSTION_AIR_ACT_D;28/09/2022 08:20:08;0
AIR_PID_COMBUSTION_AIR_ACT_D;28/09/2022 08:20:10;0
AIR_PID_COMBUSTION_AIR_ACT_D;28/09/2022 08:20:12;0
AIR_PID_COMBUSTION_AIR_ACT_D;28/09/2022 08:20:14;0
AIR_PID_COMBUSTION_AIR_ACT_D;28/09/2022 08:20:16;0
AIR_PID_COMBUSTION_AIR_ACT_D;28/09/2022 08:20:18;0
AIR_PID_COMBUSTION_AIR_ACT_D;28/09/2022 08:20:20;0
AIR_PID_COMBUSTION_AIR_ACT_D;28/09/2022 08:20:22;0
AIR_PID_COMBUSTION_AIR_ACT_D;28/09/2022 08:20:24;0
AIR_PID_COMBUSTION_AIR_ACT_D;28/09/2022 08:20:26;0
AIR_PID_COMBUSTION_AIR_ACT_D;28/09/2022 08:20:28;0
AIR_PID_COMBUSTION_AIR_ACT_D;28/09/2022 08:20:30;0
AIR_PID_COMBUSTION_AIR_ACT_D;28/09/2022 08:20:32;0
AIR_PID_COMBUSTION_AIR_ACT_D;28/09/2022 08:20:34;0
AIR_PID_COMBUSTION_AIR_ACT_D;28/09/2022 08:20:36;0
AIR_PID_COMBUSTION_AIR_ACT_D;28/09/2022 08:20:38;0
AIR_PID_COMBUSTION_AIR_ACT_D;28/09/2022 08:20:40;0
AIR_PID_COMBUSTION_AIR_ACT_D;28/09/2022 08:20:42;0
AIR_PID_COMBUSTION_AIR_ACT_D;28/09/2022 08:20:44;0
AIR_PID_COMBUSTION_AIR_ACT_D;28/09/2022 08:20:46;0
AIR_PID_COMBUSTION_AIR_ACT_D;28/09/2022 08:20:48;0
AIR_PID_COMBUSTION_AIR_ACT_D;28/09/2022 08:20:50;0
AIR_PID_COMBUSTION_AIR_ACT_D;28/09/2022 08:20:53;0
AIR_PID_COMBUSTION_AIR_ACT_D;28/09/2022 08:20:54;0
AIR_PID_COMBUSTION_AIR_ACT_D;28/09/2022 08:20:56;0
AIR_PID_COMBUSTION_AIR_ACT_D;28/09/2022 08:20:58;0
AIR_PID_COMBUSTION_AIR_ACT_D;28/09/2022 08:21:00;0
AIR_PID_COMBUSTION_AIR_ACT_D;28/09/2022 08:21:02;0
AIR_PID_COMBUSTION_AIR_ACT_D;28/09/2022 08:21:04;0
AIR_PID_COMBUSTION_AIR_ACT_D;28/09/2022 08:21:07;0
AIR_PID_COMBUSTION_AIR_ACT_D;28/09/2022 08:21:08;0
AIR_PID_COMBUSTION_AIR_ACT_D;28/09/2022 08:21:11;0
AIR_PID_COMBUSTION_AIR_ACT_D;28/09/2022 08:21:12;0
AIR_PID_COMBUSTION_AIR_ACT_D;28/09/2022 08:21:14;0
AIR_PID_COMBUSTION_AIR_ACT_D;28/09/2022 08:21:17;0
AIR_PID_COMBUSTION_AIR_ACT_D;28/09/2022 08:21:19;0
AIR_PID_COMBUSTION_AIR_ACT_D;28/09/2022 08:21:21;0
AIR_PID_COMBUSTION_AIR_ACT_D;28/09/2022 08:21:23;0
AIR_PID_COMBUSTION_AIR_ACT_D;28/09/2022 08:21:25;0
AIR_PID_COMBUSTION_AIR_ACT_D;28/09/2022 08:21:27;0
AIR_PID_COMBUSTION_AIR_ACT_D;28/09/2022 08:21:29;0
AIR_PID_COMBUSTION_AIR_ACT_D;28/09/2022 08:21:31;0
AIR_PID_COMBUSTION_AIR_ACT_D;28/09/2022 08:21:33;0
AIR_PID_COMBUSTION_AIR_ACT_D;28/09/2022 08:21:35;0
AIR_PID_COMBUSTION_AIR_ACT_D;28/09/2022 08:21:37;0
AIR_PID_COMBUSTION_AIR_ACT_D;28/09/2022 08:21:39;0
AIR_PID_COMBUSTION_AIR_ACT_D;28/09/2022 08:21:41;0
AIR_PID_COMBUSTION_AIR_ACT_D;28/09/2022 08:21:43;0
AIR_PID_COMBUSTION_AIR_ACT_D;28/09/2022 08:21:45;0
AIR_PID_COMBUSTION_AIR_ACT_D;28/09/2022 08:21:47;0
AIR_PID_COMBUSTION_AIR_ACT_D;28/09/2022 08:21:49;0
AIR_PID_COMBUSTION_AIR_ACT_D;28/09/2022 08:21:51;0
AIR_PID_COMBUSTION_AIR_ACT_D;28/09/2022 08:21:53;0
AIR_PID_COMBUSTION_AIR_ACT_D;28/09/2022 08:21:55;0
AIR_PID_COMBUSTION_AIR_ACT_D;28/09/2022 08:21:57;0
AIR_PID_COMBUSTION_AIR_ACT_D;28/09/2022 08:21:59;0
AIR_PID_COMBUSTION_AIR_ACT_D;28/09/2022 08:22:01;0
AIR_PID_COMBUSTION_AIR_ACT_D;28/09/2022 08:22:03;0
AIR_PID_COMBUSTION_AIR_ACT_D;28/09/2022 08:22:05;0
AIR_PID_COMBUSTION_AIR_ACT_D;28/09/2022 08:22:07;0
AIR_PID_COMBUSTION_AIR_ACT_D;28/09/2022 08:22:09;0
AIR_PID_COMBUSTION_AIR_ACT_D;28/09/2022 08:22:11;0
AIR_PID_COMBUSTION_AIR_ACT_D;28/09/2022 08:22:13;0
AIR_PID_COMBUSTION_AIR_ACT_D;28/09/2022 08:22:15;0
AIR_PID_COMBUSTION_AIR_ACT_D;28/09/2022 08:22:17;0
AIR_PID_COMBUSTION_AIR_ACT_D;28/09/2022 08:22:19;0
AIR_PID_COMBUSTION_AIR_ACT_D;28/09/2022 08:22:21;0
AIR_PID_COMBUSTION_AIR_ACT_D;28/09/2022 08:22:23;0
AIR_PID_COMBUSTION_AIR_ACT_D;28/09/2022 08:22:25;0
AIR_PID_COMBUSTION_AIR_ACT_D;28/09/2022 08:22:27;0
AIR_PID_COMBUSTION_AIR_ACT_D;28/09/2022 08:22:29;0
AIR_PID_COMBUSTION_AIR_ACT_D;28/09/2022 08:22:31;0
AIR_PID_COMBUSTION_AIR_ACT_D;28/09/2022 08:22:33;0
AIR_PID_COMBUSTION_AIR_ACT_D;28/09/2022 08:22:35;0
AIR_PID_COMBUSTION_AIR_ACT_D;28/09/2022 08:22:37;0
AIR_PID_COMBUSTION_AIR_ACT_D;28/09/2022 08:22:39;0
AIR_PID_COMBUSTION_AIR_ACT_D;28/09/2022 08:22:41;0
AIR_PID_COMBUSTION_AIR_ACT_D;28/09/2022 08:22:43;0
AIR_PID_COMBUSTION_AIR_ACT_D;28/09/2022 08:22:45;0
AIR_PID_COMBUSTION_AIR_ACT_D;28/09/2022 08:22:47;0
AIR_PID_COMBUSTION_AIR_ACT_D;28/09/2022 08:22:49;0
AIR_PID_COMBUSTION_AIR_ACT_D;28/09/2022 08:22:51;0
AIR_PID_COMBUSTION_AIR_ACT_D;28/09/2022 08:22:53;0
AIR_PID_COMBUSTION_AIR_ACT_D;28/09/2022 08:22:55;0
AIR_PID_COMBUSTION_AIR_ACT_D;28/09/2022 08:22:57;0
AIR_PID_COMBUSTION_AIR_ACT_D;28/09/2022 08:22:59;0
AIR_PID_COMBUSTION_AIR_ACT_D;28/09/2022 08:23:01;0
AIR_PID_COMBUSTION_AIR_ACT_D;28/09/2022 08:23:03;0
AIR_PID_COMBUSTION_AIR_ACT_D;28/09/2022 08:23:05;0
AIR_PID_COMBUSTION_AIR_ACT_D;28/09/2022 08:23:07;0
AIR_PID_COMBUSTION_AIR_ACT_D;28/09/2022 08:23:09;0
AIR_PID_COMBUSTION_AIR_ACT_D;28/09/2022 08:23:11;0
AIR_PID_COMBUSTION_AIR_ACT_D;28/09/2022 08:23:13;0
AIR_PID_COMBUSTION_AIR_ACT_D;28/09/2022 08:23:15;0
AIR_PID_COMBUSTION_AIR_ACT_D;28/09/2022 08:23:17;0
AIR_PID_COMBUSTION_AIR_ACT_D;28/09/2022 08:23:19;0
AIR_PID_COMBUSTION_AIR_ACT_D;28/09/2022 08:23:21;0
AIR_PID_COMBUSTION_AIR_ACT_D;28/09/2022 08:23:23;0
AIR_PID_COMBUSTION_AIR_ACT_D;28/09/2022 08:23:25;0
AIR_PID_COMBUSTION_AIR_ACT_D;28/09/2022 08:23:27;0
AIR_PID_COMBUSTION_AIR_ACT_D;28/09/2022 08:23:29;0
AIR_PID_COMBUSTION_AIR_ACT_D;28/09/2022 08:23:31;0
AIR_PID_COMBUSTION_AIR_ACT_D;28/09/2022 08:23:33;0
AIR_PID_COMBUSTION_AIR_ACT_D;28/09/2022 08:23:35;0
AIR_PID_COMBUSTION_AIR_ACT_D;28/09/2022 08:23:37;0
AIR_PID_COMBUSTION_AIR_ACT_D;28/09/2022 08:23:39;0
AIR_PID_COMBUSTION_AIR_ACT_D;28/09/2022 08:23:41;0
AIR_PID_COMBUSTION_AIR_ACT_D;28/09/2022 08:23:43;0
AIR_PID_COMBUSTION_AIR_ACT_D;28/09/2022 08:23:45;0
AIR_PID_COMBUSTION_AIR_ACT_D;28/09/2022 08:23:47;0
AIR_PID_COMBUSTION_AIR_ACT_D;28/09/2022 08:23:49;0
AIR_PID_COMBUSTION_AIR_ACT_D;28/09/2022 08:23:51;0
AIR_PID_COMBUSTION_AIR_ACT_D;28/09/2022 08:23:53;0
AIR_PID_COMBUSTION_AIR_ACT_D;28/09/2022 08:23:55;0
AIR_PID_COMBUSTION_AIR_ACT_D;28/09/2022 08:23:57;0
AIR_PID_COMBUSTION_AIR_ACT_D;28/09/2022 08:23:59;0
AIR_PID_COMBUSTION_AIR_ACT_D;28/09/2022 08:24:01;0
AIR_PID_COMBUSTION_AIR_ACT_D;28/09/2022 08:24:03;0
AIR_PID_COMBUSTION_AIR_ACT_D;28/09/2022 08:24:05;0
AIR_PID_COMBUSTION_AIR_ACT_D;28/09/2022 08:24:07;0
AIR_PID_COMBUSTION_AIR_ACT_D;28/09/2022 08:24:09;0
AIR_PID_COMBUSTION_AIR_ACT_D;28/09/2022 08:24:11;0
AIR_PID_COMBUSTION_AIR_ACT_D;28/09/2022 08:24:13;0
AIR_PID_COMBUSTION_AIR_ACT_D;28/09/2022 08:24:15;0
AIR_PID_COMBUSTION_AIR_ACT_D;28/09/2022 08:24:17;0
AIR_PID_COMBUSTION_AIR_ACT_D;28/09/2022 08:24:19;0
AIR_PID_COMBUSTION_AIR_ACT_D;28/09/2022 08:24:21;0
AIR_PID_COMBUSTION_AIR_ACT_D;28/09/2022 08:24:23;0
AIR_PID_COMBUSTION_AIR_ACT_D;28/09/2022 08:24:25;0
AIR_PID_COMBUSTION_AIR_ACT_D;28/09/2022 08:24:27;0
AIR_PID_COMBUSTION_AIR_ACT_D;28/09/2022 08:24:29;0
AIR_PID_COMBUSTION_AIR_ACT_D;28/09/2022 08:24:31;0
AIR_PID_COMBUSTION_AIR_ACT_D;28/09/2022 08:24:33;0
AIR_PID_COMBUSTION_AIR_ACT_D;28/09/2022 08:24:35;0
AIR_PID_COMBUSTION_AIR_ACT_D;28/09/2022 08:24:37;0
AIR_PID_COMBUSTION_AIR_ACT_D;28/09/2022 08:24:39;0
AIR_PID_COMBUSTION_AIR_ACT_D;28/09/2022 08:24:41;0
AIR_PID_COMBUSTION_AIR_ACT_D;28/09/2022 08:24:43;0
AIR_PID_COMBUSTION_AIR_ACT_D;28/09/2022 08:24:45;0
AIR_PID_COMBUSTION_AIR_ACT_D;28/09/2022 08:24:47;0
AIR_PID_COMBUSTION_AIR_ACT_D;28/09/2022 08:24:49;0
AIR_PID_COMBUSTION_AIR_ACT_D;28/09/2022 08:24:51;0
AIR_PID_COMBUSTION_AIR_ACT_D;28/09/2022 08:24:53;0
AIR_PID_COMBUSTION_AIR_ACT_D;28/09/2022 08:24:55;0
AIR_PID_COMBUSTION_AIR_ACT_D;28/09/2022 08:24:57;0
AIR_PID_COMBUSTION_AIR_ACT_D;28/09/2022 08:24:59;0
AIR_PID_COMBUSTION_AIR_ACT_D;28/09/2022 08:25:01;0
AIR_PID_COMBUSTION_AIR_ACT_D;28/09/2022 08:25:03;0
AIR_PID_COMBUSTION_AIR_ACT_D;28/09/2022 08:25:05;0
AIR_PID_COMBUSTION_AIR_ACT_D;28/09/2022 08:25:07;0
AIR_PID_COMBUSTION_AIR_ACT_D;28/09/2022 08:25:09;0
AIR_PID_COMBUSTION_AIR_ACT_D;28/09/2022 08:25:11;0
AIR_PID_COMBUSTION_AIR_ACT_D;28/09/2022 08:25:14;0
AIR_PID_COMBUSTION_AIR_ACT_D;28/09/2022 08:25:15;0
AIR_PID_COMBUSTION_AIR_ACT_D;28/09/2022 08:25:17;0
AIR_PID_COMBUSTION_AIR_ACT_D;28/09/2022 08:25:19;0
AIR_PID_COMBUSTION_AIR_ACT_D;28/09/2022 08:25:21;0
AIR_PID_COMBUSTION_AIR_ACT_D;28/09/2022 08:25:23;0
AIR_PID_COMBUSTION_AIR_ACT_D;28/09/2022 08:25:25;0
AIR_PID_COMBUSTION_AIR_ACT_D;28/09/2022 08:25:27;0
AIR_PID_COMBUSTION_AIR_ACT_D;28/09/2022 08:25:30;0
AIR_PID_COMBUSTION_AIR_ACT_D;28/09/2022 08:25:32;0
AIR_PID_COMBUSTION_AIR_ACT_D;28/09/2022 08:25:34;0
AIR_PID_COMBUSTION_AIR_ACT_D;28/09/2022 08:25:36;0
AIR_PID_COMBUSTION_AIR_ACT_D;28/09/2022 08:25:38;0
AIR_PID_COMBUSTION_AIR_ACT_D;28/09/2022 08:25:40;0
AIR_PID_COMBUSTION_AIR_ACT_D;28/09/2022 08:25:42;0
AIR_PID_COMBUSTION_AIR_ACT_D;28/09/2022 08:25:44;0
AIR_PID_COMBUSTION_AIR_ACT_D;28/09/2022 08:25:46;0
AIR_PID_COMBUSTION_AIR_ACT_D;28/09/2022 08:25:48;0
AIR_PID_COMBUSTION_AIR_ACT_D;28/09/2022 08:25:50;0
AIR_PID_COMBUSTION_AIR_ACT_D;28/09/2022 08:25:52;0
AIR_PID_COMBUSTION_AIR_ACT_D;28/09/2022 08:25:54;0
AIR_PID_COMBUSTION_AIR_ACT_D;28/09/2022 08:25:56;0
AIR_PID_COMBUSTION_AIR_ACT_D;28/09/2022 08:25:58;0
AIR_PID_COMBUSTION_AIR_ACT_D;28/09/2022 08:26:00;0
AIR_PID_COMBUSTION_AIR_ACT_D;28/09/2022 08:26:02;0
AIR_PID_COMBUSTION_AIR_ACT_D;28/09/2022 08:26:04;0
AIR_PID_COMBUSTION_AIR_ACT_D;28/09/2022 08:26:06;0
AIR_PID_COMBUSTION_AIR_ACT_D;28/09/2022 08:26:08;0
AIR_PID_COMBUSTION_AIR_ACT_D;28/09/2022 08:26:10;0
AIR_PID_COMBUSTION_AIR_ACT_D;28/09/2022 08:26:12;0
AIR_PID_COMBUSTION_AIR_ACT_D;28/09/2022 08:26:14;0
AIR_PID_COMBUSTION_AIR_ACT_D;28/09/2022 08:26:16;0
AIR_PID_COMBUSTION_AIR_ACT_D;28/09/2022 08:26:18;0
AIR_PID_COMBUSTION_AIR_ACT_D;28/09/2022 08:26:20;0
AIR_PID_COMBUSTION_AIR_ACT_D;28/09/2022 08:26:22;0
AIR_PID_COMBUSTION_AIR_ACT_D;28/09/2022 08:26:24;0
AIR_PID_COMBUSTION_AIR_ACT_D;28/09/2022 08:26:26;0
AIR_PID_COMBUSTION_AIR_ACT_D;28/09/2022 08:26:28;0
AIR_PID_COMBUSTION_AIR_ACT_D;28/09/2022 08:26:30;0
AIR_PID_COMBUSTION_AIR_ACT_D;28/09/2022 08:26:32;0
AIR_PID_COMBUSTION_AIR_ACT_D;28/09/2022 08:26:34;0
AIR_PID_COMBUSTION_AIR_ACT_D;28/09/2022 08:26:36;0
AIR_PID_COMBUSTION_AIR_ACT_D;28/09/2022 08:26:38;0
AIR_PID_COMBUSTION_AIR_ACT_D;28/09/2022 08:26:40;0
AIR_PID_COMBUSTION_AIR_ACT_D;28/09/2022 08:26:42;0
AIR_PID_COMBUSTION_AIR_ACT_D;28/09/2022 08:26:44;0
AIR_PID_COMBUSTION_AIR_ACT_D;28/09/2022 08:26:46;0
AIR_PID_COMBUSTION_AIR_ACT_D;28/09/2022 08:26:48;0
AIR_PID_COMBUSTION_AIR_ACT_D;28/09/2022 08:26:50;0
AIR_PID_COMBUSTION_AIR_ACT_D;28/09/2022 08:26:52;0
AIR_PID_COMBUSTION_AIR_ACT_D;28/09/2022 08:26:54;0
AIR_PID_COMBUSTION_AIR_ACT_D;28/09/2022 08:26:56;0
AIR_PID_COMBUSTION_AIR_ACT_D;28/09/2022 08:26:58;0
AIR_PID_COMBUSTION_AIR_ACT_D;28/09/2022 08:27:00;0
AIR_PID_COMBUSTION_AIR_ACT_D;28/09/2022 08:27:02;0
AIR_PID_COMBUSTION_AIR_ACT_D;28/09/2022 08:27:04;0
AIR_PID_COMBUSTION_AIR_ACT_D;28/09/2022 08:27:06;0
AIR_PID_COMBUSTION_AIR_ACT_D;28/09/2022 08:27:08;0
AIR_PID_COMBUSTION_AIR_ACT_D;28/09/2022 08:27:10;0
AIR_PID_COMBUSTION_AIR_ACT_D;28/09/2022 08:27:12;0
AIR_PID_COMBUSTION_AIR_ACT_D;28/09/2022 08:27:14;0
AIR_PID_COMBUSTION_AIR_ACT_D;28/09/2022 08:27:16;0
AIR_PID_COMBUSTION_AIR_ACT_D;28/09/2022 08:27:18;0
AIR_PID_COMBUSTION_AIR_ACT_D;28/09/2022 08:27:20;0
AIR_PID_COMBUSTION_AIR_ACT_D;28/09/2022 08:27:22;0
AIR_PID_COMBUSTION_AIR_ACT_D;28/09/2022 08:27:24;0
AIR_PID_COMBUSTION_AIR_ACT_D;28/09/2022 08:27:26;0
AIR_PID_COMBUSTION_AIR_ACT_D;28/09/2022 08:27:28;0
AIR_PID_COMBUSTION_AIR_ACT_D;28/09/2022 08:27:30;0
AIR_PID_COMBUSTION_AIR_ACT_D;28/09/2022 08:27:32;0
AIR_PID_COMBUSTION_AIR_ACT_D;28/09/2022 08:27:34;0
AIR_PID_COMBUSTION_AIR_ACT_D;28/09/2022 08:27:36;0
AIR_PID_COMBUSTION_AIR_ACT_D;28/09/2022 08:27:38;0
AIR_PID_COMBUSTION_AIR_ACT_D;28/09/2022 08:27:40;0
AIR_PID_COMBUSTION_AIR_ACT_D;28/09/2022 08:27:42;0
AIR_PID_COMBUSTION_AIR_ACT_D;28/09/2022 08:27:44;0
AIR_PID_COMBUSTION_AIR_ACT_D;28/09/2022 08:27:46;0
AIR_PID_COMBUSTION_AIR_ACT_D;28/09/2022 08:27:48;0
AIR_PID_COMBUSTION_AIR_ACT_D;28/09/2022 08:27:50;0
AIR_PID_COMBUSTION_AIR_ACT_D;28/09/2022 08:27:52;0
AIR_PID_COMBUSTION_AIR_ACT_D;28/09/2022 08:27:54;0
AIR_PID_COMBUSTION_AIR_ACT_D;28/09/2022 08:27:56;0
AIR_PID_COMBUSTION_AIR_ACT_D;28/09/2022 08:27:58;0
AIR_PID_COMBUSTION_AIR_ACT_D;28/09/2022 08:28:00;0
AIR_PID_COMBUSTION_AIR_ACT_D;28/09/2022 08:28:02;0
AIR_PID_COMBUSTION_AIR_ACT_D;28/09/2022 08:28:04;0
AIR_PID_COMBUSTION_AIR_ACT_D;28/09/2022 08:28:06;0
AIR_PID_COMBUSTION_AIR_ACT_D;28/09/2022 08:28:08;0
AIR_PID_COMBUSTION_AIR_ACT_D;28/09/2022 08:28:10;0
AIR_PID_COMBUSTION_AIR_ACT_D;28/09/2022 08:28:12;0
AIR_PID_COMBUSTION_AIR_ACT_D;28/09/2022 08:28:14;0
AIR_PID_COMBUSTION_AIR_ACT_D;28/09/2022 08:28:16;0
AIR_PID_COMBUSTION_AIR_ACT_D;28/09/2022 08:28:18;0
AIR_PID_COMBUSTION_AIR_ACT_D;28/09/2022 08:28:20;0
AIR_PID_COMBUSTION_AIR_ACT_D;28/09/2022 08:28:22;0
AIR_PID_COMBUSTION_AIR_ACT_D;28/09/2022 08:28:24;0
AIR_PID_COMBUSTION_AIR_ACT_D;28/09/2022 08:28:26;0
AIR_PID_COMBUSTION_AIR_ACT_D;28/09/2022 08:28:28;0
AIR_PID_COMBUSTION_AIR_ACT_D;28/09/2022 08:28:30;0
AIR_PID_COMBUSTION_AIR_ACT_D;28/09/2022 08:28:32;0
AIR_PID_COMBUSTION_AIR_ACT_D;28/09/2022 08:28:34;0
AIR_PID_COMBUSTION_AIR_ACT_D;28/09/2022 08:28:36;0
AIR_PID_COMBUSTION_AIR_ACT_D;28/09/2022 08:28:38;0
AIR_PID_COMBUSTION_AIR_ACT_D;28/09/2022 08:28:40;0
AIR_PID_COMBUSTION_AIR_ACT_D;28/09/2022 08:28:42;0
AIR_PID_COMBUSTION_AIR_ACT_D;28/09/2022 08:28:44;0
AIR_PID_COMBUSTION_AIR_ACT_D;28/09/2022 08:28:46;0
AIR_PID_COMBUSTION_AIR_ACT_D;28/09/2022 08:28:48;0
AIR_PID_COMBUSTION_AIR_ACT_D;28/09/2022 08:28:50;0
AIR_PID_COMBUSTION_AIR_ACT_D;28/09/2022 08:28:52;0
AIR_PID_COMBUSTION_AIR_ACT_D;28/09/2022 08:28:54;0
AIR_PID_COMBUSTION_AIR_ACT_D;28/09/2022 08:28:56;0
AIR_PID_COMBUSTION_AIR_ACT_D;28/09/2022 08:28:58;0
AIR_PID_COMBUSTION_AIR_ACT_D;28/09/2022 08:29:00;0
AIR_PID_COMBUSTION_AIR_ACT_D;28/09/2022 08:29:02;0
AIR_PID_COMBUSTION_AIR_ACT_D;28/09/2022 08:29:04;0
AIR_PID_COMBUSTION_AIR_ACT_D;28/09/2022 08:29:06;0
AIR_PID_COMBUSTION_AIR_ACT_D;28/09/2022 08:29:08;0
AIR_PID_COMBUSTION_AIR_ACT_D;28/09/2022 08:29:10;0
AIR_PID_COMBUSTION_AIR_ACT_D;28/09/2022 08:29:12;0
AIR_PID_COMBUSTION_AIR_ACT_D;28/09/2022 08:29:14;0
AIR_PID_COMBUSTION_AIR_ACT_D;28/09/2022 08:29:16;0
AIR_PID_COMBUSTION_AIR_ACT_D;28/09/2022 08:29:18;0
AIR_PID_COMBUSTION_AIR_ACT_D;28/09/2022 08:29:20;0
AIR_PID_COMBUSTION_AIR_ACT_D;28/09/2022 08:29:22;0
AIR_PID_COMBUSTION_AIR_ACT_D;28/09/2022 08:29:24;0
AIR_PID_COMBUSTION_AIR_ACT_D;28/09/2022 08:29:26;0
AIR_PID_COMBUSTION_AIR_ACT_D;28/09/2022 08:29:29;0
AIR_PID_COMBUSTION_AIR_ACT_D;28/09/2022 08:29:30;0
AIR_PID_COMBUSTION_AIR_ACT_D;28/09/2022 08:29:32;0
AIR_PID_COMBUSTION_AIR_ACT_D;28/09/2022 08:29:34;0
AIR_PID_COMBUSTION_AIR_ACT_D;28/09/2022 08:29:36;0
AIR_PID_COMBUSTION_AIR_ACT_D;28/09/2022 08:29:38;0
AIR_PID_COMBUSTION_AIR_ACT_D;28/09/2022 08:29:40;0
AIR_PID_COMBUSTION_AIR_ACT_D;28/09/2022 08:29:42;0
AIR_PID_COMBUSTION_AIR_ACT_D;28/09/2022 08:29:44;0
AIR_PID_COMBUSTION_AIR_ACT_D;28/09/2022 08:29:46;0
AIR_PID_COMBUSTION_AIR_ACT_D;28/09/2022 08:29:48;0
AIR_PID_COMBUSTION_AIR_ACT_D;28/09/2022 08:29:50;0
AIR_PID_COMBUSTION_AIR_ACT_D;28/09/2022 08:29:52;0
AIR_PID_COMBUSTION_AIR_ACT_D;28/09/2022 08:29:54;0
AIR_PID_COMBUSTION_AIR_ACT_D;28/09/2022 08:29:56;0
AIR_PID_COMBUSTION_AIR_ACT_D;28/09/2022 08:29:59;0
AIR_PID_COMBUSTION_AIR_ACT_D;28/09/2022 08:30:00;0
AIR_PID_COMBUSTION_AIR_ACT_D;28/09/2022 08:30:02;0
AIR_PID_COMBUSTION_AIR_ACT_D;28/09/2022 08:30:04;0
AIR_PID_COMBUSTION_AIR_ACT_D;28/09/2022 08:30:06;0
AIR_PID_COMBUSTION_AIR_ACT_D;28/09/2022 08:30:09;0
AIR_PID_COMBUSTION_AIR_ACT_D;28/09/2022 08:30:10;0
AIR_PID_COMBUSTION_AIR_ACT_D;28/09/2022 08:30:12;0
AIR_PID_COMBUSTION_AIR_ACT_D;28/09/2022 08:30:14;0
AIR_PID_COMBUSTION_AIR_ACT_D;28/09/2022 08:30:16;0
AIR_PID_COMBUSTION_AIR_ACT_D;28/09/2022 08:30:19;0
AIR_PID_COMBUSTION_AIR_ACT_D;28/09/2022 08:30:20;0
AIR_PID_COMBUSTION_AIR_ACT_D;28/09/2022 08:30:22;0
AIR_PID_COMBUSTION_AIR_ACT_D;28/09/2022 08:30:24;0
AIR_PID_COMBUSTION_AIR_ACT_D;28/09/2022 08:30:27;0
AIR_PID_COMBUSTION_AIR_ACT_D;28/09/2022 08:30:29;0
AIR_PID_COMBUSTION_AIR_ACT_D;28/09/2022 08:30:31;0
AIR_PID_COMBUSTION_AIR_ACT_D;28/09/2022 08:30:33;0
AIR_PID_COMBUSTION_AIR_ACT_D;28/09/2022 08:30:35;0
AIR_PID_COMBUSTION_AIR_ACT_D;28/09/2022 08:30:37;0
AIR_PID_COMBUSTION_AIR_ACT_D;28/09/2022 08:30:39;0
AIR_PID_COMBUSTION_AIR_ACT_D;28/09/2022 08:30:41;0
AIR_PID_COMBUSTION_AIR_ACT_D;28/09/2022 08:30:43;0
AIR_PID_COMBUSTION_AIR_ACT_D;28/09/2022 08:30:45;0
AIR_PID_COMBUSTION_AIR_ACT_D;28/09/2022 08:30:47;0
AIR_PID_COMBUSTION_AIR_ACT_D;28/09/2022 08:30:49;0
AIR_PID_COMBUSTION_AIR_ACT_D;28/09/2022 08:30:51;0
AIR_PID_COMBUSTION_AIR_ACT_D;28/09/2022 08:30:53;0
AIR_PID_COMBUSTION_AIR_ACT_D;28/09/2022 08:30:55;0
AIR_PID_COMBUSTION_AIR_ACT_D;28/09/2022 08:30:57;0
AIR_PID_COMBUSTION_AIR_ACT_D;28/09/2022 08:30:59;0
AIR_PID_COMBUSTION_AIR_ACT_D;28/09/2022 08:31:01;0
AIR_PID_COMBUSTION_AIR_ACT_D;28/09/2022 08:31:03;0
AIR_PID_COMBUSTION_AIR_ACT_D;28/09/2022 08:31:05;0
AIR_PID_COMBUSTION_AIR_ACT_D;28/09/2022 08:31:07;0
AIR_PID_COMBUSTION_AIR_ACT_D;28/09/2022 08:31:09;0
AIR_PID_COMBUSTION_AIR_ACT_D;28/09/2022 08:31:11;0
AIR_PID_COMBUSTION_AIR_ACT_D;28/09/2022 08:31:13;0
AIR_PID_COMBUSTION_AIR_ACT_D;28/09/2022 08:31:15;0
AIR_PID_COMBUSTION_AIR_ACT_D;28/09/2022 08:31:17;0
AIR_PID_COMBUSTION_AIR_ACT_D;28/09/2022 08:31:19;0
AIR_PID_COMBUSTION_AIR_ACT_D;28/09/2022 08:31:21;0
AIR_PID_COMBUSTION_AIR_ACT_D;28/09/2022 08:31:23;0
AIR_PID_COMBUSTION_AIR_ACT_D;28/09/2022 08:31:25;0
AIR_PID_COMBUSTION_AIR_ACT_D;28/09/2022 08:31:27;0
AIR_PID_COMBUSTION_AIR_ACT_D;28/09/2022 08:31:29;0
AIR_PID_COMBUSTION_AIR_ACT_D;28/09/2022 08:31:31;0
AIR_PID_COMBUSTION_AIR_ACT_D;28/09/2022 08:31:33;0
AIR_PID_COMBUSTION_AIR_ACT_D;28/09/2022 08:31:35;0
AIR_PID_COMBUSTION_AIR_ACT_D;28/09/2022 08:31:37;0
AIR_PID_COMBUSTION_AIR_ACT_D;28/09/2022 08:31:39;0
AIR_PID_COMBUSTION_AIR_ACT_D;28/09/2022 08:31:41;0
AIR_PID_COMBUSTION_AIR_ACT_D;28/09/2022 08:31:43;0
AIR_PID_COMBUSTION_AIR_ACT_D;28/09/2022 08:31:45;0
AIR_PID_COMBUSTION_AIR_ACT_D;28/09/2022 08:31:47;0
AIR_PID_COMBUSTION_AIR_ACT_D;28/09/2022 08:31:49;0
AIR_PID_COMBUSTION_AIR_ACT_D;28/09/2022 08:31:51;0
AIR_PID_COMBUSTION_AIR_ACT_D;28/09/2022 08:31:53;0
AIR_PID_COMBUSTION_AIR_ACT_D;28/09/2022 08:31:55;0
AIR_PID_COMBUSTION_AIR_ACT_D;28/09/2022 08:31:57;0
AIR_PID_COMBUSTION_AIR_ACT_D;28/09/2022 08:31:59;0
AIR_PID_COMBUSTION_AIR_ACT_D;28/09/2022 08:32:01;0
AIR_PID_COMBUSTION_AIR_ACT_D;28/09/2022 08:32:03;0
AIR_PID_COMBUSTION_AIR_ACT_D;28/09/2022 08:32:05;0
AIR_PID_COMBUSTION_AIR_ACT_D;28/09/2022 08:32:07;0
AIR_PID_COMBUSTION_AIR_ACT_D;28/09/2022 08:32:09;0
AIR_PID_COMBUSTION_AIR_ACT_D;28/09/2022 08:32:11;0
AIR_PID_COMBUSTION_AIR_ACT_D;28/09/2022 08:32:13;0
AIR_PID_COMBUSTION_AIR_ACT_D;28/09/2022 08:32:15;0
AIR_PID_COMBUSTION_AIR_ACT_D;28/09/2022 08:32:17;0
AIR_PID_COMBUSTION_AIR_ACT_D;28/09/2022 08:32:19;0
AIR_PID_COMBUSTION_AIR_ACT_D;28/09/2022 08:32:21;0
AIR_PID_COMBUSTION_AIR_ACT_D;28/09/2022 08:32:23;0
AIR_PID_COMBUSTION_AIR_ACT_D;28/09/2022 08:32:25;0
AIR_PID_COMBUSTION_AIR_ACT_D;28/09/2022 08:32:27;0
AIR_PID_COMBUSTION_AIR_ACT_D;28/09/2022 08:32:29;0
AIR_PID_COMBUSTION_AIR_ACT_D;28/09/2022 08:32:31;0
AIR_PID_COMBUSTION_AIR_ACT_D;28/09/2022 08:32:33;0
AIR_PID_COMBUSTION_AIR_ACT_D;28/09/2022 08:32:35;0
AIR_PID_COMBUSTION_AIR_ACT_D;28/09/2022 08:32:37;0
AIR_PID_COMBUSTION_AIR_ACT_D;28/09/2022 08:32:39;0
AIR_PID_COMBUSTION_AIR_ACT_D;28/09/2022 08:32:41;0
AIR_PID_COMBUSTION_AIR_ACT_D;28/09/2022 08:32:43;0
AIR_PID_COMBUSTION_AIR_ACT_D;28/09/2022 08:32:45;0
AIR_PID_COMBUSTION_AIR_ACT_D;28/09/2022 08:32:47;0
AIR_PID_COMBUSTION_AIR_ACT_D;28/09/2022 08:32:49;0
AIR_PID_COMBUSTION_AIR_ACT_D;28/09/2022 08:32:51;0
AIR_PID_COMBUSTION_AIR_ACT_D;28/09/2022 08:32:53;0
AIR_PID_COMBUSTION_AIR_ACT_D;28/09/2022 08:32:55;0
AIR_PID_COMBUSTION_AIR_ACT_D;28/09/2022 08:32:57;0
AIR_PID_COMBUSTION_AIR_ACT_D;28/09/2022 08:32:59;0
AIR_PID_COMBUSTION_AIR_ACT_D;28/09/2022 08:33:01;0
AIR_PID_COMBUSTION_AIR_ACT_D;28/09/2022 08:33:03;0
AIR_PID_COMBUSTION_AIR_ACT_D;28/09/2022 08:33:05;0
AIR_PID_COMBUSTION_AIR_ACT_D;28/09/2022 08:33:07;0
AIR_PID_COMBUSTION_AIR_ACT_D;28/09/2022 08:33:09;0
AIR_PID_COMBUSTION_AIR_ACT_D;28/09/2022 08:33:11;0
AIR_PID_COMBUSTION_AIR_ACT_D;28/09/2022 08:33:13;0
AIR_PID_COMBUSTION_AIR_ACT_D;28/09/2022 08:33:15;0
AIR_PID_COMBUSTION_AIR_ACT_D;28/09/2022 08:33:17;0
AIR_PID_COMBUSTION_AIR_ACT_D;28/09/2022 08:33:19;0
AIR_PID_COMBUSTION_AIR_ACT_D;28/09/2022 08:33:21;0
AIR_PID_COMBUSTION_AIR_ACT_D;28/09/2022 08:33:23;0
AIR_PID_COMBUSTION_AIR_ACT_D;28/09/2022 08:33:25;0
AIR_PID_COMBUSTION_AIR_ACT_D;28/09/2022 08:33:27;0
AIR_PID_COMBUSTION_AIR_ACT_D;28/09/2022 08:33:29;0
AIR_PID_COMBUSTION_AIR_ACT_D;28/09/2022 08:33:31;0
AIR_PID_COMBUSTION_AIR_ACT_D;28/09/2022 08:33:33;0
AIR_PID_COMBUSTION_AIR_ACT_D;28/09/2022 08:33:35;0
AIR_PID_COMBUSTION_AIR_ACT_D;28/09/2022 08:33:37;0
AIR_PID_COMBUSTION_AIR_ACT_D;28/09/2022 08:33:39;0
AIR_PID_COMBUSTION_AIR_ACT_D;28/09/2022 08:33:41;0
AIR_PID_COMBUSTION_AIR_ACT_D;28/09/2022 08:33:43;0
AIR_PID_COMBUSTION_AIR_ACT_D;28/09/2022 08:33:45;0
AIR_PID_COMBUSTION_AIR_ACT_D;28/09/2022 08:33:47;0
AIR_PID_COMBUSTION_AIR_ACT_D;28/09/2022 08:33:49;0
AIR_PID_COMBUSTION_AIR_ACT_D;28/09/2022 08:33:51;0
AIR_PID_COMBUSTION_AIR_ACT_D;28/09/2022 08:33:53;0
AIR_PID_COMBUSTION_AIR_ACT_D;28/09/2022 08:33:55;0
AIR_PID_COMBUSTION_AIR_ACT_D;28/09/2022 08:33:57;0
AIR_PID_COMBUSTION_AIR_ACT_D;28/09/2022 08:33:59;0
AIR_PID_COMBUSTION_AIR_ACT_D;28/09/2022 08:34:02;0
AIR_PID_COMBUSTION_AIR_ACT_D;28/09/2022 08:34:03;0
AIR_PID_COMBUSTION_AIR_ACT_D;28/09/2022 08:34:05;0
AIR_PID_COMBUSTION_AIR_ACT_D;28/09/2022 08:34:07;0
AIR_PID_COMBUSTION_AIR_ACT_D;28/09/2022 08:34:09;0
AIR_PID_COMBUSTION_AIR_ACT_D;28/09/2022 08:34:11;0
AIR_PID_COMBUSTION_AIR_ACT_D;28/09/2022 08:34:13;0
AIR_PID_COMBUSTION_AIR_ACT_D;28/09/2022 08:34:15;0
AIR_PID_COMBUSTION_AIR_ACT_D;28/09/2022 08:34:17;0
AIR_PID_COMBUSTION_AIR_ACT_D;28/09/2022 08:34:19;0
AIR_PID_COMBUSTION_AIR_ACT_D;28/09/2022 08:34:21;0
AIR_PID_COMBUSTION_AIR_ACT_D;28/09/2022 08:34:23;0
AIR_PID_COMBUSTION_AIR_ACT_D;28/09/2022 08:34:25;0
AIR_PID_COMBUSTION_AIR_ACT_D;28/09/2022 08:34:27;0
AIR_PID_COMBUSTION_AIR_ACT_D;28/09/2022 08:34:29;0
AIR_PID_COMBUSTION_AIR_ACT_D;28/09/2022 08:34:31;0
AIR_PID_COMBUSTION_AIR_ACT_D;28/09/2022 08:34:33;0
AIR_PID_COMBUSTION_AIR_ACT_D;28/09/2022 08:34:35;0
AIR_PID_COMBUSTION_AIR_ACT_D;28/09/2022 08:34:37;0
AIR_PID_COMBUSTION_AIR_ACT_D;28/09/2022 08:34:39;0
AIR_PID_COMBUSTION_AIR_ACT_D;28/09/2022 08:34:41;0
AIR_PID_COMBUSTION_AIR_ACT_D;28/09/2022 08:34:44;0
AIR_PID_COMBUSTION_AIR_ACT_D;28/09/2022 08:34:45;0
AIR_PID_COMBUSTION_AIR_ACT_D;28/09/2022 08:34:47;0
AIR_PID_COMBUSTION_AIR_ACT_D;28/09/2022 08:34:50;0
AIR_PID_COMBUSTION_AIR_ACT_D;28/09/2022 08:34:52;0
AIR_PID_COMBUSTION_AIR_ACT_D;28/09/2022 08:34:54;0
AIR_PID_COMBUSTION_AIR_ACT_D;28/09/2022 08:34:56;0
AIR_PID_COMBUSTION_AIR_ACT_D;28/09/2022 08:34:58;0
AIR_PID_COMBUSTION_AIR_ACT_D;28/09/2022 08:35:00;0
AIR_PID_COMBUSTION_AIR_ACT_D;28/09/2022 08:35:01;0
AIR_PID_COMBUSTION_AIR_ACT_D;28/09/2022 08:35:03;0
AIR_PID_COMBUSTION_AIR_ACT_D;28/09/2022 08:35:06;0
AIR_PID_COMBUSTION_AIR_ACT_D;28/09/2022 08:35:08;0
AIR_PID_COMBUSTION_AIR_ACT_D;28/09/2022 08:35:10;0
AIR_PID_COMBUSTION_AIR_ACT_D;28/09/2022 08:35:12;0
AIR_PID_COMBUSTION_AIR_ACT_D;28/09/2022 08:35:14;0
AIR_PID_COMBUSTION_AIR_ACT_D;28/09/2022 08:35:16;0
AIR_PID_COMBUSTION_AIR_ACT_D;28/09/2022 08:35:18;0
AIR_PID_COMBUSTION_AIR_ACT_D;28/09/2022 08:35:20;0
AIR_PID_COMBUSTION_AIR_ACT_D;28/09/2022 08:35:22;0
AIR_PID_COMBUSTION_AIR_ACT_D;28/09/2022 08:35:24;0
AIR_PID_COMBUSTION_AIR_ACT_D;28/09/2022 08:35:26;0
AIR_PID_COMBUSTION_AIR_ACT_D;28/09/2022 08:35:28;0
AIR_PID_COMBUSTION_AIR_ACT_D;28/09/2022 08:35:30;0
AIR_PID_COMBUSTION_AIR_ACT_D;28/09/2022 08:35:32;0
AIR_PID_COMBUSTION_AIR_ACT_D;28/09/2022 08:35:34;0
AIR_PID_COMBUSTION_AIR_ACT_D;28/09/2022 08:35:36;0
AIR_PID_COMBUSTION_AIR_ACT_D;28/09/2022 08:35:38;0
AIR_PID_COMBUSTION_AIR_ACT_D;28/09/2022 08:35:40;0
AIR_PID_COMBUSTION_AIR_ACT_D;28/09/2022 08:35:42;0
AIR_PID_COMBUSTION_AIR_ACT_D;28/09/2022 08:35:44;0
AIR_PID_COMBUSTION_AIR_ACT_D;28/09/2022 08:35:46;0
AIR_PID_COMBUSTION_AIR_ACT_D;28/09/2022 08:35:48;0
AIR_PID_COMBUSTION_AIR_ACT_D;28/09/2022 08:35:50;0
AIR_PID_COMBUSTION_AIR_ACT_D;28/09/2022 08:35:52;0
AIR_PID_COMBUSTION_AIR_ACT_D;28/09/2022 08:35:54;0
AIR_PID_COMBUSTION_AIR_ACT_D;28/09/2022 08:35:56;0
AIR_PID_COMBUSTION_AIR_ACT_D;28/09/2022 08:35:58;0
AIR_PID_COMBUSTION_AIR_ACT_D;28/09/2022 08:36:00;0
AIR_PID_COMBUSTION_AIR_ACT_D;28/09/2022 08:36:02;0
AIR_PID_COMBUSTION_AIR_ACT_D;28/09/2022 08:36:04;0
AIR_PID_COMBUSTION_AIR_ACT_D;28/09/2022 08:36:06;0
AIR_PID_COMBUSTION_AIR_ACT_D;28/09/2022 08:36:08;0
AIR_PID_COMBUSTION_AIR_ACT_D;28/09/2022 08:36:10;0
AIR_PID_COMBUSTION_AIR_ACT_D;28/09/2022 08:36:12;0
AIR_PID_COMBUSTION_AIR_ACT_D;28/09/2022 08:36:14;0
AIR_PID_COMBUSTION_AIR_ACT_D;28/09/2022 08:36:16;0
AIR_PID_COMBUSTION_AIR_ACT_D;28/09/2022 08:36:18;0
AIR_PID_COMBUSTION_AIR_ACT_D;28/09/2022 08:36:20;0
AIR_PID_COMBUSTION_AIR_ACT_D;28/09/2022 08:36:22;0
AIR_PID_COMBUSTION_AIR_ACT_D;28/09/2022 08:36:24;0
AIR_PID_COMBUSTION_AIR_ACT_D;28/09/2022 08:36:26;0
AIR_PID_COMBUSTION_AIR_ACT_D;28/09/2022 08:36:28;0
AIR_PID_COMBUSTION_AIR_ACT_D;28/09/2022 08:36:30;0
AIR_PID_COMBUSTION_AIR_ACT_D;28/09/2022 08:36:32;0
AIR_PID_COMBUSTION_AIR_ACT_D;28/09/2022 08:36:34;0
AIR_PID_COMBUSTION_AIR_ACT_D;28/09/2022 08:36:36;0
AIR_PID_COMBUSTION_AIR_ACT_D;28/09/2022 08:36:38;0
AIR_PID_COMBUSTION_AIR_ACT_D;28/09/2022 08:36:40;0
AIR_PID_COMBUSTION_AIR_ACT_D;28/09/2022 08:36:42;0
AIR_PID_COMBUSTION_AIR_ACT_D;28/09/2022 08:36:44;0
AIR_PID_COMBUSTION_AIR_ACT_D;28/09/2022 08:36:46;0
AIR_PID_COMBUSTION_AIR_ACT_D;28/09/2022 08:36:48;0
AIR_PID_COMBUSTION_AIR_ACT_D;28/09/2022 08:36:50;0
AIR_PID_COMBUSTION_AIR_ACT_D;28/09/2022 08:36:52;0
AIR_PID_COMBUSTION_AIR_ACT_D;28/09/2022 08:36:54;0
AIR_PID_COMBUSTION_AIR_ACT_D;28/09/2022 08:36:56;0
AIR_PID_COMBUSTION_AIR_ACT_D;28/09/2022 08:36:58;0
AIR_PID_COMBUSTION_AIR_ACT_D;28/09/2022 08:37:00;0
AIR_PID_COMBUSTION_AIR_ACT_D;28/09/2022 08:37:02;0
AIR_PID_COMBUSTION_AIR_ACT_D;28/09/2022 08:37:04;0
AIR_PID_COMBUSTION_AIR_ACT_D;28/09/2022 08:37:06;0
AIR_PID_COMBUSTION_AIR_ACT_D;28/09/2022 08:37:08;0
AIR_PID_COMBUSTION_AIR_ACT_D;28/09/2022 08:37:10;0
AIR_PID_COMBUSTION_AIR_ACT_D;28/09/2022 08:37:12;0
AIR_PID_COMBUSTION_AIR_ACT_D;28/09/2022 08:37:14;0
AIR_PID_COMBUSTION_AIR_ACT_D;28/09/2022 08:37:16;0
AIR_PID_COMBUSTION_AIR_ACT_D;28/09/2022 08:37:18;0
AIR_PID_COMBUSTION_AIR_ACT_D;28/09/2022 08:37:20;0
AIR_PID_COMBUSTION_AIR_ACT_D;28/09/2022 08:37:22;0
AIR_PID_COMBUSTION_AIR_ACT_D;28/09/2022 08:37:24;0
AIR_PID_COMBUSTION_AIR_ACT_D;28/09/2022 08:37:26;0
AIR_PID_COMBUSTION_AIR_ACT_D;28/09/2022 08:37:28;0
AIR_PID_COMBUSTION_AIR_ACT_D;28/09/2022 08:37:31;0
AIR_PID_COMBUSTION_AIR_ACT_D;28/09/2022 08:37:32;0
AIR_PID_COMBUSTION_AIR_ACT_D;28/09/2022 08:37:34;0
AIR_PID_COMBUSTION_AIR_ACT_D;28/09/2022 08:37:36;0
AIR_PID_COMBUSTION_AIR_ACT_D;28/09/2022 08:37:38;0
AIR_PID_COMBUSTION_AIR_ACT_D;28/09/2022 08:37:40;0
AIR_PID_COMBUSTION_AIR_ACT_D;28/09/2022 08:37:42;0
AIR_PID_COMBUSTION_AIR_ACT_D;28/09/2022 08:37:44;0
AIR_PID_COMBUSTION_AIR_ACT_D;28/09/2022 08:37:46;0
AIR_PID_COMBUSTION_AIR_ACT_D;28/09/2022 08:37:48;0
AIR_PID_COMBUSTION_AIR_ACT_D;28/09/2022 08:37:50;0
AIR_PID_COMBUSTION_AIR_ACT_D;28/09/2022 08:37:52;0
AIR_PID_COMBUSTION_AIR_ACT_D;28/09/2022 08:37:54;0
AIR_PID_COMBUSTION_AIR_ACT_D;28/09/2022 08:37:56;0
AIR_PID_COMBUSTION_AIR_ACT_D;28/09/2022 08:37:58;0
AIR_PID_COMBUSTION_AIR_ACT_D;28/09/2022 08:38:00;0
AIR_PID_COMBUSTION_AIR_ACT_D;28/09/2022 08:38:02;0
AIR_PID_COMBUSTION_AIR_ACT_D;28/09/2022 08:38:04;0
AIR_PID_COMBUSTION_AIR_ACT_D;28/09/2022 08:38:06;0
AIR_PID_COMBUSTION_AIR_ACT_D;28/09/2022 08:38:08;0
AIR_PID_COMBUSTION_AIR_ACT_D;28/09/2022 08:38:10;0
AIR_PID_COMBUSTION_AIR_ACT_D;28/09/2022 08:38:12;0
AIR_PID_COMBUSTION_AIR_ACT_D;28/09/2022 08:38:14;0
AIR_PID_COMBUSTION_AIR_ACT_D;28/09/2022 08:38:16;0
AIR_PID_COMBUSTION_AIR_ACT_D;28/09/2022 08:38:18;0
AIR_PID_COMBUSTION_AIR_ACT_D;28/09/2022 08:38:21;0
AIR_PID_COMBUSTION_AIR_ACT_D;28/09/2022 08:38:22;0
AIR_PID_COMBUSTION_AIR_ACT_D;28/09/2022 08:38:24;0
AIR_PID_COMBUSTION_AIR_ACT_D;28/09/2022 08:38:26;0
AIR_PID_COMBUSTION_AIR_ACT_D;28/09/2022 08:38:28;0
AIR_PID_COMBUSTION_AIR_ACT_D;28/09/2022 08:38:30;0
AIR_PID_COMBUSTION_AIR_ACT_D;28/09/2022 08:38:32;0
AIR_PID_COMBUSTION_AIR_ACT_D;28/09/2022 08:38:34;0
AIR_PID_COMBUSTION_AIR_ACT_D;28/09/2022 08:38:36;0
AIR_PID_COMBUSTION_AIR_ACT_D;28/09/2022 08:38:38;0
AIR_PID_COMBUSTION_AIR_ACT_D;28/09/2022 08:38:41;0
AIR_PID_COMBUSTION_AIR_ACT_D;28/09/2022 08:38:42;0
AIR_PID_COMBUSTION_AIR_ACT_D;28/09/2022 08:38:44;0
AIR_PID_COMBUSTION_AIR_ACT_D;28/09/2022 08:38:46;0
AIR_PID_COMBUSTION_AIR_ACT_D;28/09/2022 08:38:48;0
AIR_PID_COMBUSTION_AIR_ACT_D;28/09/2022 08:38:51;0
AIR_PID_COMBUSTION_AIR_ACT_D;28/09/2022 08:38:52;0
AIR_PID_COMBUSTION_AIR_ACT_D;28/09/2022 08:38:54;0
AIR_PID_COMBUSTION_AIR_ACT_D;28/09/2022 08:38:56;0
AIR_PID_COMBUSTION_AIR_ACT_D;28/09/2022 08:38:58;0
AIR_PID_COMBUSTION_AIR_ACT_D;28/09/2022 08:39:01;0
AIR_PID_COMBUSTION_AIR_ACT_D;28/09/2022 08:39:02;0
AIR_PID_COMBUSTION_AIR_ACT_D;28/09/2022 08:39:04;0
AIR_PID_COMBUSTION_AIR_ACT_D;28/09/2022 08:39:06;0
AIR_PID_COMBUSTION_AIR_ACT_D;28/09/2022 08:39:09;0
AIR_PID_COMBUSTION_AIR_ACT_D;28/09/2022 08:39:11;0
AIR_PID_COMBUSTION_AIR_ACT_D;28/09/2022 08:39:13;0
AIR_PID_COMBUSTION_AIR_ACT_D;28/09/2022 08:39:15;0
AIR_PID_COMBUSTION_AIR_ACT_D;28/09/2022 08:39:17;0
AIR_PID_COMBUSTION_AIR_ACT_D;28/09/2022 08:39:19;0
AIR_PID_COMBUSTION_AIR_ACT_D;28/09/2022 08:39:21;0
AIR_PID_COMBUSTION_AIR_ACT_D;28/09/2022 08:39:23;0
AIR_PID_COMBUSTION_AIR_ACT_D;28/09/2022 08:39:25;0
AIR_PID_COMBUSTION_AIR_ACT_D;28/09/2022 08:39:27;0
AIR_PID_COMBUSTION_AIR_ACT_D;28/09/2022 08:39:29;0
AIR_PID_COMBUSTION_AIR_ACT_D;28/09/2022 08:39:31;0
AIR_PID_COMBUSTION_AIR_ACT_D;28/09/2022 08:39:33;0
AIR_PID_COMBUSTION_AIR_ACT_D;28/09/2022 08:39:35;0
AIR_PID_COMBUSTION_AIR_ACT_D;28/09/2022 08:39:37;0
AIR_PID_COMBUSTION_AIR_ACT_D;28/09/2022 08:39:39;0
AIR_PID_COMBUSTION_AIR_ACT_D;28/09/2022 08:39:41;0
AIR_PID_COMBUSTION_AIR_ACT_D;28/09/2022 08:39:43;0
AIR_PID_COMBUSTION_AIR_ACT_D;28/09/2022 08:39:45;0
AIR_PID_COMBUSTION_AIR_ACT_D;28/09/2022 08:39:47;0
AIR_PID_COMBUSTION_AIR_ACT_D;28/09/2022 08:39:49;0
AIR_PID_COMBUSTION_AIR_ACT_D;28/09/2022 08:39:51;0
AIR_PID_COMBUSTION_AIR_ACT_D;28/09/2022 08:39:53;0
AIR_PID_COMBUSTION_AIR_ACT_D;28/09/2022 08:39:55;0
AIR_PID_COMBUSTION_AIR_ACT_D;28/09/2022 08:39:57;0
AIR_PID_COMBUSTION_AIR_ACT_D;28/09/2022 08:39:59;0
AIR_PID_COMBUSTION_AIR_ACT_D;28/09/2022 08:40:01;0
AIR_PID_COMBUSTION_AIR_ACT_D;28/09/2022 08:40:03;0
AIR_PID_COMBUSTION_AIR_ACT_D;28/09/2022 08:40:05;0
AIR_PID_COMBUSTION_AIR_ACT_D;28/09/2022 08:40:07;0
AIR_PID_COMBUSTION_AIR_ACT_D;28/09/2022 08:40:09;0
AIR_PID_COMBUSTION_AIR_ACT_D;28/09/2022 08:40:11;0
AIR_PID_COMBUSTION_AIR_ACT_D;28/09/2022 08:40:13;0
AIR_PID_COMBUSTION_AIR_ACT_D;28/09/2022 08:40:15;0
AIR_PID_COMBUSTION_AIR_ACT_D;28/09/2022 08:40:17;0
AIR_PID_COMBUSTION_AIR_ACT_D;28/09/2022 08:40:19;0
AIR_PID_COMBUSTION_AIR_ACT_D;28/09/2022 08:40:21;0
AIR_PID_COMBUSTION_AIR_ACT_D;28/09/2022 08:40:23;0
AIR_PID_COMBUSTION_AIR_ACT_D;28/09/2022 08:40:25;0
AIR_PID_COMBUSTION_AIR_ACT_D;28/09/2022 08:40:27;0
AIR_PID_COMBUSTION_AIR_ACT_D;28/09/2022 08:40:29;0
AIR_PID_COMBUSTION_AIR_ACT_D;28/09/2022 08:40:31;0
AIR_PID_COMBUSTION_AIR_ACT_D;28/09/2022 08:40:33;0
AIR_PID_COMBUSTION_AIR_ACT_D;28/09/2022 08:40:35;0
AIR_PID_COMBUSTION_AIR_ACT_D;28/09/2022 08:40:37;0
AIR_PID_COMBUSTION_AIR_ACT_D;28/09/2022 08:40:39;0
AIR_PID_COMBUSTION_AIR_ACT_D;28/09/2022 08:40:41;0
AIR_PID_COMBUSTION_AIR_ACT_D;28/09/2022 08:40:43;0
AIR_PID_COMBUSTION_AIR_ACT_D;28/09/2022 08:40:45;0
AIR_PID_COMBUSTION_AIR_ACT_D;28/09/2022 08:40:47;0
AIR_PID_COMBUSTION_AIR_ACT_D;28/09/2022 08:40:49;0
AIR_PID_COMBUSTION_AIR_ACT_D;28/09/2022 08:40:51;0
AIR_PID_COMBUSTION_AIR_ACT_D;28/09/2022 08:40:53;0
AIR_PID_COMBUSTION_AIR_ACT_D;28/09/2022 08:40:55;0
AIR_PID_COMBUSTION_AIR_ACT_D;28/09/2022 08:40:57;0
AIR_PID_COMBUSTION_AIR_ACT_D;28/09/2022 08:40:59;0
AIR_PID_COMBUSTION_AIR_ACT_D;28/09/2022 08:41:01;0
AIR_PID_COMBUSTION_AIR_ACT_D;28/09/2022 08:41:03;0
AIR_PID_COMBUSTION_AIR_ACT_D;28/09/2022 08:41:05;0
AIR_PID_COMBUSTION_AIR_ACT_D;28/09/2022 08:41:07;0
AIR_PID_COMBUSTION_AIR_ACT_D;28/09/2022 08:41:09;0
AIR_PID_COMBUSTION_AIR_ACT_D;28/09/2022 08:41:11;0
AIR_PID_COMBUSTION_AIR_ACT_D;28/09/2022 08:41:13;0
AIR_PID_COMBUSTION_AIR_ACT_D;28/09/2022 08:41:15;0
AIR_PID_COMBUSTION_AIR_ACT_D;28/09/2022 08:41:17;0
AIR_PID_COMBUSTION_AIR_ACT_D;28/09/2022 08:41:19;0
AIR_PID_COMBUSTION_AIR_ACT_D;28/09/2022 08:41:21;0
AIR_PID_COMBUSTION_AIR_ACT_D;28/09/2022 08:41:23;0
AIR_PID_COMBUSTION_AIR_ACT_D;28/09/2022 08:41:25;0
AIR_PID_COMBUSTION_AIR_ACT_D;28/09/2022 08:41:27;0
AIR_PID_COMBUSTION_AIR_ACT_D;28/09/2022 08:41:29;0
AIR_PID_COMBUSTION_AIR_ACT_D;28/09/2022 08:41:31;0
AIR_PID_COMBUSTION_AIR_ACT_D;28/09/2022 08:41:33;0
AIR_PID_COMBUSTION_AIR_ACT_D;28/09/2022 08:41:35;0
AIR_PID_COMBUSTION_AIR_ACT_D;28/09/2022 08:41:37;0
AIR_PID_COMBUSTION_AIR_ACT_D;28/09/2022 08:41:39;0
AIR_PID_COMBUSTION_AIR_ACT_D;28/09/2022 08:41:41;0
AIR_PID_COMBUSTION_AIR_ACT_D;28/09/2022 08:41:43;0
AIR_PID_COMBUSTION_AIR_ACT_D;28/09/2022 08:41:45;0
AIR_PID_COMBUSTION_AIR_ACT_D;28/09/2022 08:41:47;0
AIR_PID_COMBUSTION_AIR_ACT_D;28/09/2022 08:41:49;0
AIR_PID_COMBUSTION_AIR_ACT_D;28/09/2022 08:41:51;0
AIR_PID_COMBUSTION_AIR_ACT_D;28/09/2022 08:41:53;0
AIR_PID_COMBUSTION_AIR_ACT_D;28/09/2022 08:41:55;0
AIR_PID_COMBUSTION_AIR_ACT_D;28/09/2022 08:41:57;0
AIR_PID_COMBUSTION_AIR_ACT_D;28/09/2022 08:41:59;0
AIR_PID_COMBUSTION_AIR_ACT_D;28/09/2022 08:42:01;0
AIR_PID_COMBUSTION_AIR_ACT_D;28/09/2022 08:42:03;0
AIR_PID_COMBUSTION_AIR_ACT_D;28/09/2022 08:42:05;0
AIR_PID_COMBUSTION_AIR_ACT_D;28/09/2022 08:42:07;0
AIR_PID_COMBUSTION_AIR_ACT_D;28/09/2022 08:42:09;0
AIR_PID_COMBUSTION_AIR_ACT_D;28/09/2022 08:42:11;0
AIR_PID_COMBUSTION_AIR_ACT_D;28/09/2022 08:42:13;0
AIR_PID_COMBUSTION_AIR_ACT_D;28/09/2022 08:42:15;0
AIR_PID_COMBUSTION_AIR_ACT_D;28/09/2022 08:42:17;0
AIR_PID_COMBUSTION_AIR_ACT_D;28/09/2022 08:42:19;0
AIR_PID_COMBUSTION_AIR_ACT_D;28/09/2022 08:42:21;0
AIR_PID_COMBUSTION_AIR_ACT_D;28/09/2022 08:42:23;0
AIR_PID_COMBUSTION_AIR_ACT_D;28/09/2022 08:42:25;0
AIR_PID_COMBUSTION_AIR_ACT_D;28/09/2022 08:42:27;0
AIR_PID_COMBUSTION_AIR_ACT_D;28/09/2022 08:42:29;0
AIR_PID_COMBUSTION_AIR_ACT_D;28/09/2022 08:42:31;0
AIR_PID_COMBUSTION_AIR_ACT_D;28/09/2022 08:42:33;0
AIR_PID_COMBUSTION_AIR_ACT_D;28/09/2022 08:42:35;0
AIR_PID_COMBUSTION_AIR_ACT_D;28/09/2022 08:42:37;0
AIR_PID_COMBUSTION_AIR_ACT_D;28/09/2022 08:42:39;0
AIR_PID_COMBUSTION_AIR_ACT_D;28/09/2022 08:42:41;0
AIR_PID_COMBUSTION_AIR_ACT_D;28/09/2022 08:42:43;0
AIR_PID_COMBUSTION_AIR_ACT_D;28/09/2022 08:42:45;0
AIR_PID_COMBUSTION_AIR_ACT_D;28/09/2022 08:42:47;0
AIR_PID_COMBUSTION_AIR_ACT_D;28/09/2022 08:42:49;0
AIR_PID_COMBUSTION_AIR_ACT_D;28/09/2022 08:42:51;0
AIR_PID_COMBUSTION_AIR_ACT_D;28/09/2022 08:42:53;0
AIR_PID_COMBUSTION_AIR_ACT_D;28/09/2022 08:42:55;0
AIR_PID_COMBUSTION_AIR_ACT_D;28/09/2022 08:42:57;0
AIR_PID_COMBUSTION_AIR_ACT_D;28/09/2022 08:42:59;0
AIR_PID_COMBUSTION_AIR_ACT_D;28/09/2022 08:43:01;0
AIR_PID_COMBUSTION_AIR_ACT_D;28/09/2022 08:43:03;0
AIR_PID_COMBUSTION_AIR_ACT_D;28/09/2022 08:43:05;0
AIR_PID_COMBUSTION_AIR_ACT_D;28/09/2022 08:43:07;0
AIR_PID_COMBUSTION_AIR_ACT_D;28/09/2022 08:43:09;0
AIR_PID_COMBUSTION_AIR_ACT_D;28/09/2022 08:43:11;0
AIR_PID_COMBUSTION_AIR_ACT_D;28/09/2022 08:43:13;0
AIR_PID_COMBUSTION_AIR_ACT_D;28/09/2022 08:43:15;0
AIR_PID_COMBUSTION_AIR_ACT_D;28/09/2022 08:43:17;0
AIR_PID_COMBUSTION_AIR_ACT_D;28/09/2022 08:43:19;0
AIR_PID_COMBUSTION_AIR_ACT_D;28/09/2022 08:43:21;0
AIR_PID_COMBUSTION_AIR_ACT_D;28/09/2022 08:43:23;0
AIR_PID_COMBUSTION_AIR_ACT_D;28/09/2022 08:43:25;0
AIR_PID_COMBUSTION_AIR_ACT_D;28/09/2022 08:43:28;0
AIR_PID_COMBUSTION_AIR_ACT_D;28/09/2022 08:43:29;0
AIR_PID_COMBUSTION_AIR_ACT_D;28/09/2022 08:43:32;0
AIR_PID_COMBUSTION_AIR_ACT_D;28/09/2022 08:43:33;0
AIR_PID_COMBUSTION_AIR_ACT_D;28/09/2022 08:43:36;0
AIR_PID_COMBUSTION_AIR_ACT_D;28/09/2022 08:43:37;0
AIR_PID_COMBUSTION_AIR_ACT_D;28/09/2022 08:43:39;0
AIR_PID_COMBUSTION_AIR_ACT_D;28/09/2022 08:43:42;0
AIR_PID_COMBUSTION_AIR_ACT_D;28/09/2022 08:43:43;0
AIR_PID_COMBUSTION_AIR_ACT_D;28/09/2022 08:43:46;0
AIR_PID_COMBUSTION_AIR_ACT_D;28/09/2022 08:43:48;0
AIR_PID_COMBUSTION_AIR_ACT_D;28/09/2022 08:43:50;0
AIR_PID_COMBUSTION_AIR_ACT_D;28/09/2022 08:43:52;0
AIR_PID_COMBUSTION_AIR_ACT_D;28/09/2022 08:43:53;0
AIR_PID_COMBUSTION_AIR_ACT_D;28/09/2022 08:43:56;0
AIR_PID_COMBUSTION_AIR_ACT_D;28/09/2022 08:43:58;0
AIR_PID_COMBUSTION_AIR_ACT_D;28/09/2022 08:44:00;0
AIR_PID_COMBUSTION_AIR_ACT_D;28/09/2022 08:44:02;0
AIR_PID_COMBUSTION_AIR_ACT_D;28/09/2022 08:44:04;0
AIR_PID_COMBUSTION_AIR_ACT_D;28/09/2022 08:44:06;0
AIR_PID_COMBUSTION_AIR_ACT_D;28/09/2022 08:44:08;0
AIR_PID_COMBUSTION_AIR_ACT_D;28/09/2022 08:44:10;0
AIR_PID_COMBUSTION_AIR_ACT_D;28/09/2022 08:44:12;0
AIR_PID_COMBUSTION_AIR_ACT_D;28/09/2022 08:44:14;0
AIR_PID_COMBUSTION_AIR_ACT_D;28/09/2022 08:44:16;0
AIR_PID_COMBUSTION_AIR_ACT_D;28/09/2022 08:44:18;0
AIR_PID_COMBUSTION_AIR_ACT_D;28/09/2022 08:44:20;0
AIR_PID_COMBUSTION_AIR_ACT_D;28/09/2022 08:44:22;0
AIR_PID_COMBUSTION_AIR_ACT_D;28/09/2022 08:44:24;0
AIR_PID_COMBUSTION_AIR_ACT_D;28/09/2022 08:44:26;0
AIR_PID_COMBUSTION_AIR_ACT_D;28/09/2022 08:44:28;0
AIR_PID_COMBUSTION_AIR_ACT_D;28/09/2022 08:44:30;0
AIR_PID_COMBUSTION_AIR_ACT_D;28/09/2022 08:44:32;0
AIR_PID_COMBUSTION_AIR_ACT_D;28/09/2022 08:44:34;0
AIR_PID_COMBUSTION_AIR_ACT_D;28/09/2022 08:44:36;0
AIR_PID_COMBUSTION_AIR_ACT_D;28/09/2022 08:44:38;0
AIR_PID_COMBUSTION_AIR_ACT_D;28/09/2022 08:44:40;0
AIR_PID_COMBUSTION_AIR_ACT_D;28/09/2022 08:44:42;0
AIR_PID_COMBUSTION_AIR_ACT_D;28/09/2022 08:44:44;0
AIR_PID_COMBUSTION_AIR_ACT_D;28/09/2022 08:44:46;0
AIR_PID_COMBUSTION_AIR_ACT_D;28/09/2022 08:44:48;0
AIR_PID_COMBUSTION_AIR_ACT_D;28/09/2022 08:44:50;0
AIR_PID_COMBUSTION_AIR_ACT_D;28/09/2022 08:44:52;0
AIR_PID_COMBUSTION_AIR_ACT_D;28/09/2022 08:44:54;0
AIR_PID_COMBUSTION_AIR_ACT_D;28/09/2022 08:44:56;0
AIR_PID_COMBUSTION_AIR_ACT_D;28/09/2022 08:44:58;0
AIR_PID_COMBUSTION_AIR_ACT_D;28/09/2022 08:45:00;0
AIR_PID_COMBUSTION_AIR_ACT_D;28/09/2022 08:45:02;0
AIR_PID_COMBUSTION_AIR_ACT_D;28/09/2022 08:45:04;0
AIR_PID_COMBUSTION_AIR_ACT_D;28/09/2022 08:45:06;0
AIR_PID_COMBUSTION_AIR_ACT_D;28/09/2022 08:45:08;0
AIR_PID_COMBUSTION_AIR_ACT_D;28/09/2022 08:45:10;0
AIR_PID_COMBUSTION_AIR_ACT_D;28/09/2022 08:45:12;0
AIR_PID_COMBUSTION_AIR_ACT_D;28/09/2022 08:45:14;0
AIR_PID_COMBUSTION_AIR_ACT_D;28/09/2022 08:45:16;0
AIR_PID_COMBUSTION_AIR_ACT_D;28/09/2022 08:45:18;0
AIR_PID_COMBUSTION_AIR_ACT_D;28/09/2022 08:45:20;0
AIR_PID_COMBUSTION_AIR_ACT_D;28/09/2022 08:45:22;0
AIR_PID_COMBUSTION_AIR_ACT_D;28/09/2022 08:45:24;0
AIR_PID_COMBUSTION_AIR_ACT_D;28/09/2022 08:45:26;0
AIR_PID_COMBUSTION_AIR_ACT_D;28/09/2022 08:45:28;0
AIR_PID_COMBUSTION_AIR_ACT_D;28/09/2022 08:45:30;0
AIR_PID_COMBUSTION_AIR_ACT_D;28/09/2022 08:45:32;0
AIR_PID_COMBUSTION_AIR_ACT_D;28/09/2022 08:45:34;0
AIR_PID_COMBUSTION_AIR_ACT_D;28/09/2022 08:45:36;0
AIR_PID_COMBUSTION_AIR_ACT_D;28/09/2022 08:45:38;0
AIR_PID_COMBUSTION_AIR_ACT_D;28/09/2022 08:45:40;0
AIR_PID_COMBUSTION_AIR_ACT_D;28/09/2022 08:45:42;0
AIR_PID_COMBUSTION_AIR_ACT_D;28/09/2022 08:45:44;0
AIR_PID_COMBUSTION_AIR_ACT_D;28/09/2022 08:45:46;0
AIR_PID_COMBUSTION_AIR_ACT_D;28/09/2022 08:45:48;0
AIR_PID_COMBUSTION_AIR_ACT_D;28/09/2022 08:45:50;0
AIR_PID_COMBUSTION_AIR_ACT_D;28/09/2022 08:45:52;0
AIR_PID_COMBUSTION_AIR_ACT_D;28/09/2022 08:45:54;0
AIR_PID_COMBUSTION_AIR_ACT_D;28/09/2022 08:45:56;0
AIR_PID_COMBUSTION_AIR_ACT_D;28/09/2022 08:45:58;0
AIR_PID_COMBUSTION_AIR_ACT_D;28/09/2022 08:46:00;0
AIR_PID_COMBUSTION_AIR_ACT_D;28/09/2022 08:46:02;0
AIR_PID_COMBUSTION_AIR_ACT_D;28/09/2022 08:46:04;0
AIR_PID_COMBUSTION_AIR_ACT_D;28/09/2022 08:46:06;0
AIR_PID_COMBUSTION_AIR_ACT_D;28/09/2022 08:46:08;0
AIR_PID_COMBUSTION_AIR_ACT_D;28/09/2022 08:46:10;0
AIR_PID_COMBUSTION_AIR_ACT_D;28/09/2022 08:46:12;0
AIR_PID_COMBUSTION_AIR_ACT_D;28/09/2022 08:46:14;0
AIR_PID_COMBUSTION_AIR_ACT_D;28/09/2022 08:46:16;0
AIR_PID_COMBUSTION_AIR_ACT_D;28/09/2022 08:46:18;0
AIR_PID_COMBUSTION_AIR_ACT_D;28/09/2022 08:46:20;0
AIR_PID_COMBUSTION_AIR_ACT_D;28/09/2022 08:46:22;0
AIR_PID_COMBUSTION_AIR_ACT_D;28/09/2022 08:46:24;0
AIR_PID_COMBUSTION_AIR_ACT_D;28/09/2022 08:46:26;0
AIR_PID_COMBUSTION_AIR_ACT_D;28/09/2022 08:46:28;0
AIR_PID_COMBUSTION_AIR_ACT_D;28/09/2022 08:46:30;0
AIR_PID_COMBUSTION_AIR_ACT_D;28/09/2022 08:46:32;0
AIR_PID_COMBUSTION_AIR_ACT_D;28/09/2022 08:46:34;0
AIR_PID_COMBUSTION_AIR_ACT_D;28/09/2022 08:46:36;0
AIR_PID_COMBUSTION_AIR_ACT_D;28/09/2022 08:46:38;0
AIR_PID_COMBUSTION_AIR_ACT_D;28/09/2022 08:46:40;0
AIR_PID_COMBUSTION_AIR_ACT_D;28/09/2022 08:46:42;0
AIR_PID_COMBUSTION_AIR_ACT_D;28/09/2022 08:46:44;0
AIR_PID_COMBUSTION_AIR_ACT_D;28/09/2022 08:46:46;0
AIR_PID_COMBUSTION_AIR_ACT_D;28/09/2022 08:46:48;0
AIR_PID_COMBUSTION_AIR_ACT_D;28/09/2022 08:46:50;0
AIR_PID_COMBUSTION_AIR_ACT_D;28/09/2022 08:46:52;0
AIR_PID_COMBUSTION_AIR_ACT_D;28/09/2022 08:46:54;0
AIR_PID_COMBUSTION_AIR_ACT_D;28/09/2022 08:46:56;0
AIR_PID_COMBUSTION_AIR_ACT_D;28/09/2022 08:46:58;0
AIR_PID_COMBUSTION_AIR_ACT_D;28/09/2022 08:47:00;0
AIR_PID_COMBUSTION_AIR_ACT_D;28/09/2022 08:47:02;0
AIR_PID_COMBUSTION_AIR_ACT_D;28/09/2022 08:47:04;0
AIR_PID_COMBUSTION_AIR_ACT_D;28/09/2022 08:47:06;0
AIR_PID_COMBUSTION_AIR_ACT_D;28/09/2022 08:47:08;0
AIR_PID_COMBUSTION_AIR_ACT_D;28/09/2022 08:47:10;0
AIR_PID_COMBUSTION_AIR_ACT_D;28/09/2022 08:47:12;0
AIR_PID_COMBUSTION_AIR_ACT_D;28/09/2022 08:47:15;0
AIR_PID_COMBUSTION_AIR_ACT_D;28/09/2022 08:47:16;0
AIR_PID_COMBUSTION_AIR_ACT_D;28/09/2022 08:47:18;0
AIR_PID_COMBUSTION_AIR_ACT_D;28/09/2022 08:47:20;0
AIR_PID_COMBUSTION_AIR_ACT_D;28/09/2022 08:47:22;0
AIR_PID_COMBUSTION_AIR_ACT_D;28/09/2022 08:47:24;0
AIR_PID_COMBUSTION_AIR_ACT_D;28/09/2022 08:47:26;0
AIR_PID_COMBUSTION_AIR_ACT_D;28/09/2022 08:47:28;0
AIR_PID_COMBUSTION_AIR_ACT_D;28/09/2022 08:47:30;0
AIR_PID_COMBUSTION_AIR_ACT_D;28/09/2022 08:47:32;0
AIR_PID_COMBUSTION_AIR_ACT_D;28/09/2022 08:47:34;0
AIR_PID_COMBUSTION_AIR_ACT_D;28/09/2022 08:47:36;0
AIR_PID_COMBUSTION_AIR_ACT_D;28/09/2022 08:47:38;0
AIR_PID_COMBUSTION_AIR_ACT_D;28/09/2022 08:47:40;0
AIR_PID_COMBUSTION_AIR_ACT_D;28/09/2022 08:47:42;0
AIR_PID_COMBUSTION_AIR_ACT_D;28/09/2022 08:47:44;0
AIR_PID_COMBUSTION_AIR_ACT_D;28/09/2022 08:47:46;0
AIR_PID_COMBUSTION_AIR_ACT_D;28/09/2022 08:47:48;0
AIR_PID_COMBUSTION_AIR_ACT_D;28/09/2022 08:47:50;0
AIR_PID_COMBUSTION_AIR_ACT_D;28/09/2022 08:47:52;0
AIR_PID_COMBUSTION_AIR_ACT_D;28/09/2022 08:47:54;0
AIR_PID_COMBUSTION_AIR_ACT_D;28/09/2022 08:47:56;0
AIR_PID_COMBUSTION_AIR_ACT_D;28/09/2022 08:47:58;0
AIR_PID_COMBUSTION_AIR_ACT_D;28/09/2022 08:48:00;0
AIR_PID_COMBUSTION_AIR_ACT_D;28/09/2022 08:48:02;0
AIR_PID_COMBUSTION_AIR_ACT_D;28/09/2022 08:48:04;0
AIR_PID_COMBUSTION_AIR_ACT_D;28/09/2022 08:48:06;0
AIR_PID_COMBUSTION_AIR_ACT_D;28/09/2022 08:48:08;0
AIR_PID_COMBUSTION_AIR_ACT_D;28/09/2022 08:48:10;0
AIR_PID_COMBUSTION_AIR_ACT_D;28/09/2022 08:48:12;0
AIR_PID_COMBUSTION_AIR_ACT_D;28/09/2022 08:48:14;0
AIR_PID_COMBUSTION_AIR_ACT_D;28/09/2022 08:48:16;0
AIR_PID_COMBUSTION_AIR_ACT_D;28/09/2022 08:48:19;0
AIR_PID_COMBUSTION_AIR_ACT_D;28/09/2022 08:48:20;0
AIR_PID_COMBUSTION_AIR_ACT_D;28/09/2022 08:48:23;0
AIR_PID_COMBUSTION_AIR_ACT_D;28/09/2022 08:48:25;0
AIR_PID_COMBUSTION_AIR_ACT_D;28/09/2022 08:48:27;0
AIR_PID_COMBUSTION_AIR_ACT_D;28/09/2022 08:48:29;0
AIR_PID_COMBUSTION_AIR_ACT_D;28/09/2022 08:48:31;0
AIR_PID_COMBUSTION_AIR_ACT_D;28/09/2022 08:48:33;0
AIR_PID_COMBUSTION_AIR_ACT_D;28/09/2022 08:48:35;0
AIR_PID_COMBUSTION_AIR_ACT_D;28/09/2022 08:48:37;0
AIR_PID_COMBUSTION_AIR_ACT_D;28/09/2022 08:48:39;0
AIR_PID_COMBUSTION_AIR_ACT_D;28/09/2022 08:48:41;0
AIR_PID_COMBUSTION_AIR_ACT_D;28/09/2022 08:48:43;0
AIR_PID_COMBUSTION_AIR_ACT_D;28/09/2022 08:48:45;0
AIR_PID_COMBUSTION_AIR_ACT_D;28/09/2022 08:48:47;0
AIR_PID_COMBUSTION_AIR_ACT_D;28/09/2022 08:48:49;0
AIR_PID_COMBUSTION_AIR_ACT_D;28/09/2022 08:48:51;0
AIR_PID_COMBUSTION_AIR_ACT_D;28/09/2022 08:48:53;0
AIR_PID_COMBUSTION_AIR_ACT_D;28/09/2022 08:48:55;0
AIR_PID_COMBUSTION_AIR_ACT_D;28/09/2022 08:48:57;0
AIR_PID_COMBUSTION_AIR_ACT_D;28/09/2022 08:48:59;0
AIR_PID_COMBUSTION_AIR_ACT_D;28/09/2022 08:49:01;0
AIR_PID_COMBUSTION_AIR_ACT_D;28/09/2022 08:49:03;0
AIR_PID_COMBUSTION_AIR_ACT_D;28/09/2022 08:49:05;0
AIR_PID_COMBUSTION_AIR_ACT_D;28/09/2022 08:49:07;0
AIR_PID_COMBUSTION_AIR_ACT_D;28/09/2022 08:49:09;0
AIR_PID_COMBUSTION_AIR_ACT_D;28/09/2022 08:49:11;0
AIR_PID_COMBUSTION_AIR_ACT_D;28/09/2022 08:49:13;0
AIR_PID_COMBUSTION_AIR_ACT_D;28/09/2022 08:49:15;0
AIR_PID_COMBUSTION_AIR_ACT_D;28/09/2022 08:49:17;0
AIR_PID_COMBUSTION_AIR_ACT_D;28/09/2022 08:49:19;0
AIR_PID_COMBUSTION_AIR_ACT_D;28/09/2022 08:49:21;0
AIR_PID_COMBUSTION_AIR_ACT_D;28/09/2022 08:49:23;0
AIR_PID_COMBUSTION_AIR_ACT_D;28/09/2022 08:49:25;0
AIR_PID_COMBUSTION_AIR_ACT_D;28/09/2022 08:49:27;0
AIR_PID_COMBUSTION_AIR_ACT_D;28/09/2022 08:49:29;0
AIR_PID_COMBUSTION_AIR_ACT_D;28/09/2022 08:49:31;0
AIR_PID_COMBUSTION_AIR_ACT_D;28/09/2022 08:49:33;0
AIR_PID_COMBUSTION_AIR_ACT_D;28/09/2022 08:49:35;0
AIR_PID_COMBUSTION_AIR_ACT_D;28/09/2022 08:49:37;0
AIR_PID_COMBUSTION_AIR_ACT_D;28/09/2022 08:49:39;0
AIR_PID_COMBUSTION_AIR_ACT_D;28/09/2022 08:49:41;0
AIR_PID_COMBUSTION_AIR_ACT_D;28/09/2022 08:49:43;0
AIR_PID_COMBUSTION_AIR_ACT_D;28/09/2022 08:49:45;0
AIR_PID_COMBUSTION_AIR_ACT_D;28/09/2022 08:49:47;0
AIR_PID_COMBUSTION_AIR_ACT_D;28/09/2022 08:49:49;0
AIR_PID_COMBUSTION_AIR_ACT_D;28/09/2022 08:49:51;0
AIR_PID_COMBUSTION_AIR_ACT_D;28/09/2022 08:49:53;0
AIR_PID_COMBUSTION_AIR_ACT_D;28/09/2022 08:49:55;0
AIR_PID_COMBUSTION_AIR_ACT_D;28/09/2022 08:49:57;0
AIR_PID_COMBUSTION_AIR_ACT_D;28/09/2022 08:49:59;0
AIR_PID_COMBUSTION_AIR_ACT_D;28/09/2022 08:50:01;0
AIR_PID_COMBUSTION_AIR_ACT_D;28/09/2022 08:50:03;0
AIR_PID_COMBUSTION_AIR_ACT_D;28/09/2022 08:50:05;0
AIR_PID_COMBUSTION_AIR_ACT_D;28/09/2022 08:50:07;0
AIR_PID_COMBUSTION_AIR_ACT_D;28/09/2022 08:50:09;0
AIR_PID_COMBUSTION_AIR_ACT_D;28/09/2022 08:50:11;0
AIR_PID_COMBUSTION_AIR_ACT_D;28/09/2022 08:50:13;0
AIR_PID_COMBUSTION_AIR_ACT_D;28/09/2022 08:50:15;0
AIR_PID_COMBUSTION_AIR_ACT_D;28/09/2022 08:50:17;0
AIR_PID_COMBUSTION_AIR_ACT_D;28/09/2022 08:50:19;0
AIR_PID_COMBUSTION_AIR_ACT_D;28/09/2022 08:50:21;0
AIR_PID_COMBUSTION_AIR_ACT_D;28/09/2022 08:50:23;0
AIR_PID_COMBUSTION_AIR_ACT_D;28/09/2022 08:50:25;0
AIR_PID_COMBUSTION_AIR_ACT_D;28/09/2022 08:50:27;0
AIR_PID_COMBUSTION_AIR_ACT_D;28/09/2022 08:50:29;0
AIR_PID_COMBUSTION_AIR_ACT_D;28/09/2022 08:50:31;0
AIR_PID_COMBUSTION_AIR_ACT_D;28/09/2022 08:50:33;0
AIR_PID_COMBUSTION_AIR_ACT_D;28/09/2022 08:50:35;0
AIR_PID_COMBUSTION_AIR_ACT_D;28/09/2022 08:50:37;0
AIR_PID_COMBUSTION_AIR_ACT_D;28/09/2022 08:50:39;0
AIR_PID_COMBUSTION_AIR_ACT_D;28/09/2022 08:50:41;0
AIR_PID_COMBUSTION_AIR_ACT_D;28/09/2022 08:50:43;0
AIR_PID_COMBUSTION_AIR_ACT_D;28/09/2022 08:50:45;0
AIR_PID_COMBUSTION_AIR_ACT_D;28/09/2022 08:50:47;0
AIR_PID_COMBUSTION_AIR_ACT_D;28/09/2022 08:50:49;0
AIR_PID_COMBUSTION_AIR_ACT_D;28/09/2022 08:50:51;0
AIR_PID_COMBUSTION_AIR_ACT_D;28/09/2022 08:50:53;0
AIR_PID_COMBUSTION_AIR_ACT_D;28/09/2022 08:50:55;0
AIR_PID_COMBUSTION_AIR_ACT_D;28/09/2022 08:50:57;0
AIR_PID_COMBUSTION_AIR_ACT_D;28/09/2022 08:50:59;0
AIR_PID_COMBUSTION_AIR_ACT_D;28/09/2022 08:51:01;0
AIR_PID_COMBUSTION_AIR_ACT_D;28/09/2022 08:51:03;0
AIR_PID_COMBUSTION_AIR_ACT_D;28/09/2022 08:51:05;0
AIR_PID_COMBUSTION_AIR_ACT_D;28/09/2022 08:51:07;0
AIR_PID_COMBUSTION_AIR_ACT_D;28/09/2022 08:51:09;0
AIR_PID_COMBUSTION_AIR_ACT_D;28/09/2022 08:51:11;0
AIR_PID_COMBUSTION_AIR_ACT_D;28/09/2022 08:51:13;0
AIR_PID_COMBUSTION_AIR_ACT_D;28/09/2022 08:51:15;0
AIR_PID_COMBUSTION_AIR_ACT_D;28/09/2022 08:51:17;0
AIR_PID_COMBUSTION_AIR_ACT_D;28/09/2022 08:51:19;0
AIR_PID_COMBUSTION_AIR_ACT_D;28/09/2022 08:51:21;0
AIR_PID_COMBUSTION_AIR_ACT_D;28/09/2022 08:51:23;0
AIR_PID_COMBUSTION_AIR_ACT_D;28/09/2022 08:51:25;0
AIR_PID_COMBUSTION_AIR_ACT_D;28/09/2022 08:51:28;0
AIR_PID_COMBUSTION_AIR_ACT_D;28/09/2022 08:51:29;0
AIR_PID_COMBUSTION_AIR_ACT_D;28/09/2022 08:51:31;0
AIR_PID_COMBUSTION_AIR_ACT_D;28/09/2022 08:51:33;0
AIR_PID_COMBUSTION_AIR_ACT_D;28/09/2022 08:51:35;0
AIR_PID_COMBUSTION_AIR_ACT_D;28/09/2022 08:51:37;0
AIR_PID_COMBUSTION_AIR_ACT_D;28/09/2022 08:51:39;0
AIR_PID_COMBUSTION_AIR_ACT_D;28/09/2022 08:51:41;0
AIR_PID_COMBUSTION_AIR_ACT_D;28/09/2022 08:51:43;0
AIR_PID_COMBUSTION_AIR_ACT_D;28/09/2022 08:51:45;0
AIR_PID_COMBUSTION_AIR_ACT_D;28/09/2022 08:51:47;0
AIR_PID_COMBUSTION_AIR_ACT_D;28/09/2022 08:51:49;0
AIR_PID_COMBUSTION_AIR_ACT_D;28/09/2022 08:51:51;0
AIR_PID_COMBUSTION_AIR_ACT_D;28/09/2022 08:51:55;0
AIR_PID_COMBUSTION_AIR_ACT_D;28/09/2022 08:51:57;0
AIR_PID_COMBUSTION_AIR_ACT_D;28/09/2022 08:51:59;0
AIR_PID_COMBUSTION_AIR_ACT_D;28/09/2022 08:52:01;0
AIR_PID_COMBUSTION_AIR_ACT_D;28/09/2022 08:52:03;0
AIR_PID_COMBUSTION_AIR_ACT_D;28/09/2022 08:52:05;0
AIR_PID_COMBUSTION_AIR_ACT_D;28/09/2022 08:52:07;0
AIR_PID_COMBUSTION_AIR_ACT_D;28/09/2022 08:52:09;0
AIR_PID_COMBUSTION_AIR_ACT_D;28/09/2022 08:52:11;0
AIR_PID_COMBUSTION_AIR_ACT_D;28/09/2022 08:52:13;0
AIR_PID_COMBUSTION_AIR_ACT_D;28/09/2022 08:52:15;0
AIR_PID_COMBUSTION_AIR_ACT_D;28/09/2022 08:52:17;0
AIR_PID_COMBUSTION_AIR_ACT_D;28/09/2022 08:52:19;0
AIR_PID_COMBUSTION_AIR_ACT_D;28/09/2022 08:52:21;0
AIR_PID_COMBUSTION_AIR_ACT_D;28/09/2022 08:52:23;0
AIR_PID_COMBUSTION_AIR_ACT_D;28/09/2022 08:52:25;0
AIR_PID_COMBUSTION_AIR_ACT_D;28/09/2022 08:52:27;0
AIR_PID_COMBUSTION_AIR_ACT_D;28/09/2022 08:52:29;0
AIR_PID_COMBUSTION_AIR_ACT_D;28/09/2022 08:52:31;0
AIR_PID_COMBUSTION_AIR_ACT_D;28/09/2022 08:52:33;0
AIR_PID_COMBUSTION_AIR_ACT_D;28/09/2022 08:52:35;0
AIR_PID_COMBUSTION_AIR_ACT_D;28/09/2022 08:52:37;0
AIR_PID_COMBUSTION_AIR_ACT_D;28/09/2022 08:52:39;0
AIR_PID_COMBUSTION_AIR_ACT_D;28/09/2022 08:52:41;0
AIR_PID_COMBUSTION_AIR_ACT_D;28/09/2022 08:52:43;0
AIR_PID_COMBUSTION_AIR_ACT_D;28/09/2022 08:52:45;0
AIR_PID_COMBUSTION_AIR_ACT_D;28/09/2022 08:52:47;0
AIR_PID_COMBUSTION_AIR_ACT_D;28/09/2022 08:52:49;0
AIR_PID_COMBUSTION_AIR_ACT_D;28/09/2022 08:52:51;0
AIR_PID_COMBUSTION_AIR_ACT_D;28/09/2022 08:52:53;0
AIR_PID_COMBUSTION_AIR_ACT_D;28/09/2022 08:52:56;0
AIR_PID_COMBUSTION_AIR_ACT_D;28/09/2022 08:52:58;0
AIR_PID_COMBUSTION_AIR_ACT_D;28/09/2022 08:52:59;0
AIR_PID_COMBUSTION_AIR_ACT_D;28/09/2022 08:53:02;0
AIR_PID_COMBUSTION_AIR_ACT_D;28/09/2022 08:53:04;0
AIR_PID_COMBUSTION_AIR_ACT_D;28/09/2022 08:53:06;0
AIR_PID_COMBUSTION_AIR_ACT_D;28/09/2022 08:53:07;0
AIR_PID_COMBUSTION_AIR_ACT_D;28/09/2022 08:53:10;0
AIR_PID_COMBUSTION_AIR_ACT_D;28/09/2022 08:53:12;0
AIR_PID_COMBUSTION_AIR_ACT_D;28/09/2022 08:53:14;0
AIR_PID_COMBUSTION_AIR_ACT_D;28/09/2022 08:53:16;0
AIR_PID_COMBUSTION_AIR_ACT_D;28/09/2022 08:53:18;0
AIR_PID_COMBUSTION_AIR_ACT_D;28/09/2022 08:53:20;0
AIR_PID_COMBUSTION_AIR_ACT_D;28/09/2022 08:53:22;0
AIR_PID_COMBUSTION_AIR_ACT_D;28/09/2022 08:53:24;0
AIR_PID_COMBUSTION_AIR_ACT_D;28/09/2022 08:53:26;0
AIR_PID_COMBUSTION_AIR_ACT_D;28/09/2022 08:53:28;0
AIR_PID_COMBUSTION_AIR_ACT_D;28/09/2022 08:53:30;0
AIR_PID_COMBUSTION_AIR_ACT_D;28/09/2022 08:53:32;0
AIR_PID_COMBUSTION_AIR_ACT_D;28/09/2022 08:53:34;0
AIR_PID_COMBUSTION_AIR_ACT_D;28/09/2022 08:53:36;0
AIR_PID_COMBUSTION_AIR_ACT_D;28/09/2022 08:53:38;0
AIR_PID_COMBUSTION_AIR_ACT_D;28/09/2022 08:53:40;0
AIR_PID_COMBUSTION_AIR_ACT_D;28/09/2022 08:53:42;0
AIR_PID_COMBUSTION_AIR_ACT_D;28/09/2022 08:53:44;0
AIR_PID_COMBUSTION_AIR_ACT_D;28/09/2022 08:53:46;0
AIR_PID_COMBUSTION_AIR_ACT_D;28/09/2022 08:53:48;0
AIR_PID_COMBUSTION_AIR_ACT_D;28/09/2022 08:53:50;0
AIR_PID_COMBUSTION_AIR_ACT_D;28/09/2022 08:53:52;0
AIR_PID_COMBUSTION_AIR_ACT_D;28/09/2022 08:53:54;0
AIR_PID_COMBUSTION_AIR_ACT_D;28/09/2022 08:53:56;0
AIR_PID_COMBUSTION_AIR_ACT_D;28/09/2022 08:53:58;0
AIR_PID_COMBUSTION_AIR_ACT_D;28/09/2022 08:54:00;0
AIR_PID_COMBUSTION_AIR_ACT_D;28/09/2022 08:54:02;0
AIR_PID_COMBUSTION_AIR_ACT_D;28/09/2022 08:54:04;0
AIR_PID_COMBUSTION_AIR_ACT_D;28/09/2022 08:54:06;0
AIR_PID_COMBUSTION_AIR_ACT_D;28/09/2022 08:54:08;0
AIR_PID_COMBUSTION_AIR_ACT_D;28/09/2022 08:54:10;0
AIR_PID_COMBUSTION_AIR_ACT_D;28/09/2022 08:54:12;0
AIR_PID_COMBUSTION_AIR_ACT_D;28/09/2022 08:54:14;0
AIR_PID_COMBUSTION_AIR_ACT_D;28/09/2022 08:54:16;0
AIR_PID_COMBUSTION_AIR_ACT_D;28/09/2022 08:54:18;0
AIR_PID_COMBUSTION_AIR_ACT_D;28/09/2022 08:54:20;0
AIR_PID_COMBUSTION_AIR_ACT_D;28/09/2022 08:54:22;0
AIR_PID_COMBUSTION_AIR_ACT_D;28/09/2022 08:54:24;0
AIR_PID_COMBUSTION_AIR_ACT_D;28/09/2022 08:54:26;0
AIR_PID_COMBUSTION_AIR_ACT_D;28/09/2022 08:54:28;0
AIR_PID_COMBUSTION_AIR_ACT_D;28/09/2022 08:54:30;0
AIR_PID_COMBUSTION_AIR_ACT_D;28/09/2022 08:54:32;0
AIR_PID_COMBUSTION_AIR_ACT_D;28/09/2022 08:54:34;0
AIR_PID_COMBUSTION_AIR_ACT_D;28/09/2022 08:54:36;0
AIR_PID_COMBUSTION_AIR_ACT_D;28/09/2022 08:54:38;0
AIR_PID_COMBUSTION_AIR_ACT_D;28/09/2022 08:54:40;0
AIR_PID_COMBUSTION_AIR_ACT_D;28/09/2022 08:54:42;0
AIR_PID_COMBUSTION_AIR_ACT_D;28/09/2022 08:54:44;0
AIR_PID_COMBUSTION_AIR_ACT_D;28/09/2022 08:54:46;0
AIR_PID_COMBUSTION_AIR_ACT_D;28/09/2022 08:54:48;0
AIR_PID_COMBUSTION_AIR_ACT_D;28/09/2022 08:54:50;0
AIR_PID_COMBUSTION_AIR_ACT_D;28/09/2022 08:54:53;0
AIR_PID_COMBUSTION_AIR_ACT_D;28/09/2022 08:54:54;0
AIR_PID_COMBUSTION_AIR_ACT_D;28/09/2022 08:54:56;0
AIR_PID_COMBUSTION_AIR_ACT_D;28/09/2022 08:54:58;0
AIR_PID_COMBUSTION_AIR_ACT_D;28/09/2022 08:55:00;0
AIR_PID_COMBUSTION_AIR_ACT_D;28/09/2022 08:55:02;0
AIR_PID_COMBUSTION_AIR_ACT_D;28/09/2022 08:55:04;0
AIR_PID_COMBUSTION_AIR_ACT_D;28/09/2022 08:55:06;0
AIR_PID_COMBUSTION_AIR_ACT_D;28/09/2022 08:55:08;0
AIR_PID_COMBUSTION_AIR_ACT_D;28/09/2022 08:55:10;0
AIR_PID_COMBUSTION_AIR_ACT_D;28/09/2022 08:55:12;0
AIR_PID_COMBUSTION_AIR_ACT_D;28/09/2022 08:55:14;0
AIR_PID_COMBUSTION_AIR_ACT_D;28/09/2022 08:55:16;0
AIR_PID_COMBUSTION_AIR_ACT_D;28/09/2022 08:55:18;0
AIR_PID_COMBUSTION_AIR_ACT_D;28/09/2022 08:55:20;0
AIR_PID_COMBUSTION_AIR_ACT_D;28/09/2022 08:55:22;0
AIR_PID_COMBUSTION_AIR_ACT_D;28/09/2022 08:55:24;0
AIR_PID_COMBUSTION_AIR_ACT_D;28/09/2022 08:55:26;0
AIR_PID_COMBUSTION_AIR_ACT_D;28/09/2022 08:55:28;0
AIR_PID_COMBUSTION_AIR_ACT_D;28/09/2022 08:55:30;0
AIR_PID_COMBUSTION_AIR_ACT_D;28/09/2022 08:55:32;0
AIR_PID_COMBUSTION_AIR_ACT_D;28/09/2022 08:55:34;0
AIR_PID_COMBUSTION_AIR_ACT_D;28/09/2022 08:55:36;0
AIR_PID_COMBUSTION_AIR_ACT_D;28/09/2022 08:55:38;0
AIR_PID_COMBUSTION_AIR_ACT_D;28/09/2022 08:55:40;0
AIR_PID_COMBUSTION_AIR_ACT_D;28/09/2022 08:55:42;0
AIR_PID_COMBUSTION_AIR_ACT_D;28/09/2022 08:55:44;0
AIR_PID_COMBUSTION_AIR_ACT_D;28/09/2022 08:55:47;0
AIR_PID_COMBUSTION_AIR_ACT_D;28/09/2022 08:55:48;0
AIR_PID_COMBUSTION_AIR_ACT_D;28/09/2022 08:55:50;0
AIR_PID_COMBUSTION_AIR_ACT_D;28/09/2022 08:55:52;0
AIR_PID_COMBUSTION_AIR_ACT_D;28/09/2022 08:55:54;0
AIR_PID_COMBUSTION_AIR_ACT_D;28/09/2022 08:55:56;0
AIR_PID_COMBUSTION_AIR_ACT_D;28/09/2022 08:55:58;0
AIR_PID_COMBUSTION_AIR_ACT_D;28/09/2022 08:56:00;0
AIR_PID_COMBUSTION_AIR_ACT_D;28/09/2022 08:56:02;0
AIR_PID_COMBUSTION_AIR_ACT_D;28/09/2022 08:56:04;0
AIR_PID_COMBUSTION_AIR_ACT_D;28/09/2022 08:56:06;0
AIR_PID_COMBUSTION_AIR_ACT_D;28/09/2022 08:56:08;0
AIR_PID_COMBUSTION_AIR_ACT_D;28/09/2022 08:56:10;0
AIR_PID_COMBUSTION_AIR_ACT_D;28/09/2022 08:56:12;0
AIR_PID_COMBUSTION_AIR_ACT_D;28/09/2022 08:56:14;0
AIR_PID_COMBUSTION_AIR_ACT_D;28/09/2022 08:56:16;0
AIR_PID_COMBUSTION_AIR_ACT_D;28/09/2022 08:56:18;0
AIR_PID_COMBUSTION_AIR_ACT_D;28/09/2022 08:56:20;0
AIR_PID_COMBUSTION_AIR_ACT_D;28/09/2022 08:56:22;0
AIR_PID_COMBUSTION_AIR_ACT_D;28/09/2022 08:56:24;0
AIR_PID_COMBUSTION_AIR_ACT_D;28/09/2022 08:56:26;0
AIR_PID_COMBUSTION_AIR_ACT_D;28/09/2022 08:56:28;0
AIR_PID_COMBUSTION_AIR_ACT_D;28/09/2022 08:56:30;0
AIR_PID_COMBUSTION_AIR_ACT_D;28/09/2022 08:56:32;0
AIR_PID_COMBUSTION_AIR_ACT_D;28/09/2022 08:56:34;0
AIR_PID_COMBUSTION_AIR_ACT_D;28/09/2022 08:56:36;0
AIR_PID_COMBUSTION_AIR_ACT_D;28/09/2022 08:56:38;0
AIR_PID_COMBUSTION_AIR_ACT_D;28/09/2022 08:56:40;0
AIR_PID_COMBUSTION_AIR_ACT_D;28/09/2022 08:56:42;0
AIR_PID_COMBUSTION_AIR_ACT_D;28/09/2022 08:56:44;0
AIR_PID_COMBUSTION_AIR_ACT_D;28/09/2022 08:56:46;0
AIR_PID_COMBUSTION_AIR_ACT_D;28/09/2022 08:56:48;0
AIR_PID_COMBUSTION_AIR_ACT_D;28/09/2022 08:56:50;0
AIR_PID_COMBUSTION_AIR_ACT_D;28/09/2022 08:56:52;0
AIR_PID_COMBUSTION_AIR_ACT_D;28/09/2022 08:56:54;0
AIR_PID_COMBUSTION_AIR_ACT_D;28/09/2022 08:56:56;0
AIR_PID_COMBUSTION_AIR_ACT_D;28/09/2022 08:56:58;0
AIR_PID_COMBUSTION_AIR_ACT_D;28/09/2022 08:57:00;0
AIR_PID_COMBUSTION_AIR_ACT_D;28/09/2022 08:57:02;0
AIR_PID_COMBUSTION_AIR_ACT_D;28/09/2022 08:57:04;0
AIR_PID_COMBUSTION_AIR_ACT_D;28/09/2022 08:57:06;0
AIR_PID_COMBUSTION_AIR_ACT_D;28/09/2022 08:57:08;0
AIR_PID_COMBUSTION_AIR_ACT_D;28/09/2022 08:57:10;0
AIR_PID_COMBUSTION_AIR_ACT_D;28/09/2022 08:57:12;0
AIR_PID_COMBUSTION_AIR_ACT_D;28/09/2022 08:57:15;0
AIR_PID_COMBUSTION_AIR_ACT_D;28/09/2022 08:57:17;0
AIR_PID_COMBUSTION_AIR_ACT_D;28/09/2022 08:57:18;0
AIR_PID_COMBUSTION_AIR_ACT_D;28/09/2022 08:57:20;0
AIR_PID_COMBUSTION_AIR_ACT_D;28/09/2022 08:57:22;0
AIR_PID_COMBUSTION_AIR_ACT_D;28/09/2022 08:57:24;0
AIR_PID_COMBUSTION_AIR_ACT_D;28/09/2022 08:57:26;0
AIR_PID_COMBUSTION_AIR_ACT_D;28/09/2022 08:57:28;0
AIR_PID_COMBUSTION_AIR_ACT_D;28/09/2022 08:57:30;0
AIR_PID_COMBUSTION_AIR_ACT_D;28/09/2022 08:57:32;0
AIR_PID_COMBUSTION_AIR_ACT_D;28/09/2022 08:57:34;0
AIR_PID_COMBUSTION_AIR_ACT_D;28/09/2022 08:57:36;0
AIR_PID_COMBUSTION_AIR_ACT_D;28/09/2022 08:57:38;0
AIR_PID_COMBUSTION_AIR_ACT_D;28/09/2022 08:57:40;0
AIR_PID_COMBUSTION_AIR_ACT_D;28/09/2022 08:57:42;0
AIR_PID_COMBUSTION_AIR_ACT_D;28/09/2022 08:57:45;0
AIR_PID_COMBUSTION_AIR_ACT_D;28/09/2022 08:57:47;0
AIR_PID_COMBUSTION_AIR_ACT_D;28/09/2022 08:57:49;0
AIR_PID_COMBUSTION_AIR_ACT_D;28/09/2022 08:57:51;0
AIR_PID_COMBUSTION_AIR_ACT_D;28/09/2022 08:57:53;0
AIR_PID_COMBUSTION_AIR_ACT_D;28/09/2022 08:57:55;0
AIR_PID_COMBUSTION_AIR_ACT_D;28/09/2022 08:57:57;0
AIR_PID_COMBUSTION_AIR_ACT_D;28/09/2022 08:57:59;0
AIR_PID_COMBUSTION_AIR_ACT_D;28/09/2022 08:58:01;0
AIR_PID_COMBUSTION_AIR_ACT_D;28/09/2022 08:58:03;0
AIR_PID_COMBUSTION_AIR_ACT_D;28/09/2022 08:58:05;0
AIR_PID_COMBUSTION_AIR_ACT_D;28/09/2022 08:58:07;0
AIR_PID_COMBUSTION_AIR_ACT_D;28/09/2022 08:58:09;0
AIR_PID_COMBUSTION_AIR_ACT_D;28/09/2022 08:58:11;0
AIR_PID_COMBUSTION_AIR_ACT_D;28/09/2022 08:58:13;0
AIR_PID_COMBUSTION_AIR_ACT_D;28/09/2022 08:58:15;0
AIR_PID_COMBUSTION_AIR_ACT_D;28/09/2022 08:58:17;0
AIR_PID_COMBUSTION_AIR_ACT_D;28/09/2022 08:58:19;0
AIR_PID_COMBUSTION_AIR_ACT_D;28/09/2022 08:58:21;0
AIR_PID_COMBUSTION_AIR_ACT_D;28/09/2022 08:58:23;0
AIR_PID_COMBUSTION_AIR_ACT_D;28/09/2022 08:58:25;0
AIR_PID_COMBUSTION_AIR_ACT_D;28/09/2022 08:58:27;0
AIR_PID_COMBUSTION_AIR_ACT_D;28/09/2022 08:58:29;0
AIR_PID_COMBUSTION_AIR_ACT_D;28/09/2022 08:58:31;0
AIR_PID_COMBUSTION_AIR_ACT_D;28/09/2022 08:58:33;0
AIR_PID_COMBUSTION_AIR_ACT_D;28/09/2022 08:58:35;0
AIR_PID_COMBUSTION_AIR_ACT_D;28/09/2022 08:58:37;0
AIR_PID_COMBUSTION_AIR_ACT_D;28/09/2022 08:58:39;0
AIR_PID_COMBUSTION_AIR_ACT_D;28/09/2022 08:58:41;0
AIR_PID_COMBUSTION_AIR_ACT_D;28/09/2022 08:58:43;0
AIR_PID_COMBUSTION_AIR_ACT_D;28/09/2022 08:58:45;0
AIR_PID_COMBUSTION_AIR_ACT_D;28/09/2022 08:58:47;0
AIR_PID_COMBUSTION_AIR_ACT_D;28/09/2022 08:58:49;0
AIR_PID_COMBUSTION_AIR_ACT_D;28/09/2022 08:58:51;0
AIR_PID_COMBUSTION_AIR_ACT_D;28/09/2022 08:58:53;0
AIR_PID_COMBUSTION_AIR_ACT_D;28/09/2022 08:58:55;0
AIR_PID_COMBUSTION_AIR_ACT_D;28/09/2022 08:58:57;0
AIR_PID_COMBUSTION_AIR_ACT_D;28/09/2022 08:58:59;0
AIR_PID_COMBUSTION_AIR_ACT_D;28/09/2022 08:59:01;0
AIR_PID_COMBUSTION_AIR_ACT_D;28/09/2022 08:59:03;0
AIR_PID_COMBUSTION_AIR_ACT_D;28/09/2022 08:59:05;0
AIR_PID_COMBUSTION_AIR_ACT_D;28/09/2022 08:59:07;0
AIR_PID_COMBUSTION_AIR_ACT_D;28/09/2022 08:59:09;0
AIR_PID_COMBUSTION_AIR_ACT_D;28/09/2022 08:59:11;0
AIR_PID_COMBUSTION_AIR_ACT_D;28/09/2022 08:59:13;0
AIR_PID_COMBUSTION_AIR_ACT_D;28/09/2022 08:59:15;0
AIR_PID_COMBUSTION_AIR_ACT_D;28/09/2022 08:59:17;0
AIR_PID_COMBUSTION_AIR_ACT_D;28/09/2022 08:59:19;0
AIR_PID_COMBUSTION_AIR_ACT_D;28/09/2022 08:59:21;0
AIR_PID_COMBUSTION_AIR_ACT_D;28/09/2022 08:59:23;0
AIR_PID_COMBUSTION_AIR_ACT_D;28/09/2022 08:59:25;0
AIR_PID_COMBUSTION_AIR_ACT_D;28/09/2022 08:59:27;0
AIR_PID_COMBUSTION_AIR_ACT_D;28/09/2022 08:59:29;0
AIR_PID_COMBUSTION_AIR_ACT_D;28/09/2022 08:59:31;0
AIR_PID_COMBUSTION_AIR_ACT_D;28/09/2022 08:59:33;0
AIR_PID_COMBUSTION_AIR_ACT_D;28/09/2022 08:59:35;0
AIR_PID_COMBUSTION_AIR_ACT_D;28/09/2022 08:59:37;0
AIR_PID_COMBUSTION_AIR_ACT_D;28/09/2022 08:59:39;0
AIR_PID_COMBUSTION_AIR_ACT_D;28/09/2022 08:59:41;0
AIR_PID_COMBUSTION_AIR_ACT_D;28/09/2022 08:59:43;0
AIR_PID_COMBUSTION_AIR_ACT_D;28/09/2022 08:59:45;0
AIR_PID_COMBUSTION_AIR_ACT_D;28/09/2022 08:59:47;0
AIR_PID_COMBUSTION_AIR_ACT_D;28/09/2022 08:59:49;0
AIR_PID_COMBUSTION_AIR_ACT_D;28/09/2022 08:59:51;0
AIR_PID_COMBUSTION_AIR_ACT_D;28/09/2022 08:59:53;0
AIR_PID_COMBUSTION_AIR_ACT_D;28/09/2022 08:59:55;0
AIR_PID_COMBUSTION_AIR_ACT_D;28/09/2022 08:59:57;0
AIR_PID_COMBUSTION_AIR_ACT_D;28/09/2022 08:59:59;0
AIR_PID_COMBUSTION_AIR_ACT_D;28/09/2022 09:00:01;0
AIR_PID_COMBUSTION_AIR_ACT_D;28/09/2022 09:00:02;0
AIR_PID_COMBUSTION_AIR_ACT_D;28/09/2022 09:00:04;0
AIR_PID_COMBUSTION_AIR_ACT_D;28/09/2022 09:00:06;0
AIR_PID_COMBUSTION_AIR_ACT_D;28/09/2022 09:00:08;0
AIR_PID_COMBUSTION_AIR_ACT_D;28/09/2022 09:00:10;0
AIR_PID_COMBUSTION_AIR_ACT_D;28/09/2022 09:00:12;0
AIR_PID_COMBUSTION_AIR_ACT_D;28/09/2022 09:00:14;0
AIR_PID_COMBUSTION_AIR_ACT_D;28/09/2022 09:00:16;0
AIR_PID_COMBUSTION_AIR_ACT_D;28/09/2022 09:00:18;0
AIR_PID_COMBUSTION_AIR_ACT_D;28/09/2022 09:00:21;0
AIR_PID_COMBUSTION_AIR_ACT_D;28/09/2022 09:00:22;0
AIR_PID_COMBUSTION_AIR_ACT_D;28/09/2022 09:00:24;0
AIR_PID_COMBUSTION_AIR_ACT_D;28/09/2022 09:00:26;0
AIR_PID_COMBUSTION_AIR_ACT_D;28/09/2022 09:00:28;0
AIR_PID_COMBUSTION_AIR_ACT_D;28/09/2022 09:00:30;0
AIR_PID_COMBUSTION_AIR_ACT_D;28/09/2022 09:00:32;0
AIR_PID_COMBUSTION_AIR_ACT_D;28/09/2022 09:00:34;0
AIR_PID_COMBUSTION_AIR_ACT_D;28/09/2022 09:00:37;0
AIR_PID_COMBUSTION_AIR_ACT_D;28/09/2022 09:00:39;0
AIR_PID_COMBUSTION_AIR_ACT_D;28/09/2022 09:00:41;0
AIR_PID_COMBUSTION_AIR_ACT_D;28/09/2022 09:00:43;0
AIR_PID_COMBUSTION_AIR_ACT_D;28/09/2022 09:00:45;0
AIR_PID_COMBUSTION_AIR_ACT_D;28/09/2022 09:00:47;0
AIR_PID_COMBUSTION_AIR_ACT_D;28/09/2022 09:00:49;0
AIR_PID_COMBUSTION_AIR_ACT_D;28/09/2022 09:00:51;0
AIR_PID_COMBUSTION_AIR_ACT_D;28/09/2022 09:00:53;0
AIR_PID_COMBUSTION_AIR_ACT_D;28/09/2022 09:00:55;0
AIR_PID_COMBUSTION_AIR_ACT_D;28/09/2022 09:00:57;0
AIR_PID_COMBUSTION_AIR_ACT_D;28/09/2022 09:00:59;0
AIR_PID_COMBUSTION_AIR_ACT_D;28/09/2022 09:01:01;0
AIR_PID_COMBUSTION_AIR_ACT_D;28/09/2022 09:01:03;0
AIR_PID_COMBUSTION_AIR_ACT_D;28/09/2022 09:01:05;0
AIR_PID_COMBUSTION_AIR_ACT_D;28/09/2022 09:01:07;0
AIR_PID_COMBUSTION_AIR_ACT_D;28/09/2022 09:01:09;0
AIR_PID_COMBUSTION_AIR_ACT_D;28/09/2022 09:01:11;0
AIR_PID_COMBUSTION_AIR_ACT_D;28/09/2022 09:01:13;0
AIR_PID_COMBUSTION_AIR_ACT_D;28/09/2022 09:01:15;0
AIR_PID_COMBUSTION_AIR_ACT_D;28/09/2022 09:01:17;0
AIR_PID_COMBUSTION_AIR_ACT_D;28/09/2022 09:01:19;0
AIR_PID_COMBUSTION_AIR_ACT_D;28/09/2022 09:01:21;0
AIR_PID_COMBUSTION_AIR_ACT_D;28/09/2022 09:01:23;0
AIR_PID_COMBUSTION_AIR_ACT_D;28/09/2022 09:01:25;0
AIR_PID_COMBUSTION_AIR_ACT_D;28/09/2022 09:01:27;0
AIR_PID_COMBUSTION_AIR_ACT_D;28/09/2022 09:01:29;0
AIR_PID_COMBUSTION_AIR_ACT_D;28/09/2022 09:01:31;0
AIR_PID_COMBUSTION_AIR_ACT_D;28/09/2022 09:01:33;0
AIR_PID_COMBUSTION_AIR_ACT_D;28/09/2022 09:01:35;0
AIR_PID_COMBUSTION_AIR_ACT_D;28/09/2022 09:01:37;0
AIR_PID_COMBUSTION_AIR_ACT_D;28/09/2022 09:01:39;0
AIR_PID_COMBUSTION_AIR_ACT_D;28/09/2022 09:01:41;0
AIR_PID_COMBUSTION_AIR_ACT_D;28/09/2022 09:01:43;0
AIR_PID_COMBUSTION_AIR_ACT_D;28/09/2022 09:01:45;0
AIR_PID_COMBUSTION_AIR_ACT_D;28/09/2022 09:01:47;0
AIR_PID_COMBUSTION_AIR_ACT_D;28/09/2022 09:01:49;0
AIR_PID_COMBUSTION_AIR_ACT_D;28/09/2022 09:01:51;0
AIR_PID_COMBUSTION_AIR_ACT_D;28/09/2022 09:01:53;0
AIR_PID_COMBUSTION_AIR_ACT_D;28/09/2022 09:01:55;0
AIR_PID_COMBUSTION_AIR_ACT_D;28/09/2022 09:01:57;0
AIR_PID_COMBUSTION_AIR_ACT_D;28/09/2022 09:01:59;0
AIR_PID_COMBUSTION_AIR_ACT_D;28/09/2022 09:02:01;0
AIR_PID_COMBUSTION_AIR_ACT_D;28/09/2022 09:02:03;0
AIR_PID_COMBUSTION_AIR_ACT_D;28/09/2022 09:02:05;0
AIR_PID_COMBUSTION_AIR_ACT_D;28/09/2022 09:02:07;0
AIR_PID_COMBUSTION_AIR_ACT_D;28/09/2022 09:02:09;0
AIR_PID_COMBUSTION_AIR_ACT_D;28/09/2022 09:02:11;0
AIR_PID_COMBUSTION_AIR_ACT_D;28/09/2022 09:02:13;0
AIR_PID_COMBUSTION_AIR_ACT_D;28/09/2022 09:02:15;0
AIR_PID_COMBUSTION_AIR_ACT_D;28/09/2022 09:02:17;0
AIR_PID_COMBUSTION_AIR_ACT_D;28/09/2022 09:02:19;0
AIR_PID_COMBUSTION_AIR_ACT_D;28/09/2022 09:02:21;0
AIR_PID_COMBUSTION_AIR_ACT_D;28/09/2022 09:02:23;0
AIR_PID_COMBUSTION_AIR_ACT_D;28/09/2022 09:02:25;0
AIR_PID_COMBUSTION_AIR_ACT_D;28/09/2022 09:02:27;0
AIR_PID_COMBUSTION_AIR_ACT_D;28/09/2022 09:02:29;0
AIR_PID_COMBUSTION_AIR_ACT_D;28/09/2022 09:02:31;0
AIR_PID_COMBUSTION_AIR_ACT_D;28/09/2022 09:02:33;0
AIR_PID_COMBUSTION_AIR_ACT_D;28/09/2022 09:02:35;0
AIR_PID_COMBUSTION_AIR_ACT_D;28/09/2022 09:02:37;0
AIR_PID_COMBUSTION_AIR_ACT_D;28/09/2022 09:02:39;0
AIR_PID_COMBUSTION_AIR_ACT_D;28/09/2022 09:02:41;0
AIR_PID_COMBUSTION_AIR_ACT_D;28/09/2022 09:02:43;0
AIR_PID_COMBUSTION_AIR_ACT_D;28/09/2022 09:02:45;0
AIR_PID_COMBUSTION_AIR_ACT_D;28/09/2022 09:02:47;0
AIR_PID_COMBUSTION_AIR_ACT_D;28/09/2022 09:02:49;0
AIR_PID_COMBUSTION_AIR_ACT_D;28/09/2022 09:02:51;0
AIR_PID_COMBUSTION_AIR_ACT_D;28/09/2022 09:02:53;0
AIR_PID_COMBUSTION_AIR_ACT_D;28/09/2022 09:02:55;0
AIR_PID_COMBUSTION_AIR_ACT_D;28/09/2022 09:02:57;0
AIR_PID_COMBUSTION_AIR_ACT_D;28/09/2022 09:02:59;0
AIR_PID_COMBUSTION_AIR_ACT_D;28/09/2022 09:03:01;0
AIR_PID_COMBUSTION_AIR_ACT_D;28/09/2022 09:03:03;0
AIR_PID_COMBUSTION_AIR_ACT_D;28/09/2022 09:03:05;0
AIR_PID_COMBUSTION_AIR_ACT_D;28/09/2022 09:03:07;0
AIR_PID_COMBUSTION_AIR_ACT_D;28/09/2022 09:03:09;0
AIR_PID_COMBUSTION_AIR_ACT_D;28/09/2022 09:03:11;0
AIR_PID_COMBUSTION_AIR_ACT_D;28/09/2022 09:03:13;0
AIR_PID_COMBUSTION_AIR_ACT_D;28/09/2022 09:03:15;0
AIR_PID_COMBUSTION_AIR_ACT_D;28/09/2022 09:03:17;0
AIR_PID_COMBUSTION_AIR_ACT_D;28/09/2022 09:03:19;0
AIR_PID_COMBUSTION_AIR_ACT_D;28/09/2022 09:03:21;0
AIR_PID_COMBUSTION_AIR_ACT_D;28/09/2022 09:03:23;0
AIR_PID_COMBUSTION_AIR_ACT_D;28/09/2022 09:03:25;0
AIR_PID_COMBUSTION_AIR_ACT_D;28/09/2022 09:03:27;0
AIR_PID_COMBUSTION_AIR_ACT_D;28/09/2022 09:03:29;0
AIR_PID_COMBUSTION_AIR_ACT_D;28/09/2022 09:03:31;0
AIR_PID_COMBUSTION_AIR_ACT_D;28/09/2022 09:03:33;0
AIR_PID_COMBUSTION_AIR_ACT_D;28/09/2022 09:03:35;0
AIR_PID_COMBUSTION_AIR_ACT_D;28/09/2022 09:03:37;0
AIR_PID_COMBUSTION_AIR_ACT_D;28/09/2022 09:03:39;0
AIR_PID_COMBUSTION_AIR_ACT_D;28/09/2022 09:03:41;0
AIR_PID_COMBUSTION_AIR_ACT_D;28/09/2022 09:03:43;0
AIR_PID_COMBUSTION_AIR_ACT_D;28/09/2022 09:03:45;0
AIR_PID_COMBUSTION_AIR_ACT_D;28/09/2022 09:03:47;0
AIR_PID_COMBUSTION_AIR_ACT_D;28/09/2022 09:03:49;0
AIR_PID_COMBUSTION_AIR_ACT_D;28/09/2022 09:03:51;0
AIR_PID_COMBUSTION_AIR_ACT_D;28/09/2022 09:03:53;0
AIR_PID_COMBUSTION_AIR_ACT_D;28/09/2022 09:03:55;0
AIR_PID_COMBUSTION_AIR_ACT_D;28/09/2022 09:03:56;0
